"AS23693","TELKOMSEL-ASN-ID PT. Telekomunikasi Selular",{v: 0.02, f:'0.02%'},{v: 0.00, f: '0.00%'},1128222,
"AS23700","FASTNET-AS-ID Linknet-Fastnet ASN",{v: 0.00, f:'0.00%'},{v: 0.00, f: '0.00%'},1047455,
"AS45727","THREE-AS-ID Hutchison CP Telecommunications, PT",{v: 0.02, f:'0.02%'},{v: 0.00, f: '0.00%'},823013,
"AS24203","NAPXLNET-AS-ID PT Excelcomindo Pratama (Network Access Provider)",{v: 0.02, f:'0.02%'},{v: 0.00, f: '0.00%'},700472,
"AS4761","INDOSAT-INP-AP INDOSAT Internet Network Provider",{v: 0.03, f:'0.03%'},{v: 0.00, f: '0.00%'},683754,
"AS18004","WIRELESSNET-ID PT WIRELESS INDONESIA ( WIN )",{v: 0.02, f:'0.02%'},{v: 0.00, f: '0.00%'},270230,
"AS17451","BIZNET-AS-AP BIZNET NETWORKS",{v: 0.10, f:'0.10%'},{v: 0.09, f: '0.09%'},187050,
"AS17670","INFOKOM-AS PT.Infokom Elektrindo",{v: 0.00, f:'0.00%'},{v: 0.00, f: '0.00%'},164889,
"AS63859","MYREPUBLIC-AS-ID PT. Eka Mas Republik",{v: 0.01, f:'0.01%'},{v: 0.00, f: '0.00%'},164481,
"AS4832","INTERNUXNET-AS-ID PT. iNterNUX",{v: 0.01, f:'0.01%'},{v: 0.00, f: '0.00%'},155043,
"AS38511","TACHYON-AS-ID PT Remala Abadi",{v: 0.04, f:'0.04%'},{v: 0.00, f: '0.00%'},44557,
"AS23679","NUSANET-AS-ID Media Antar Nusa PT.",{v: 0.01, f:'0.01%'},{v: 0.01, f: '0.01%'},39716,
"AS4787","ASN-CBN PT Cyberindo Aditama",{v: 0.76, f:'0.76%'},{v: 0.70, f: '0.70%'},38860,
"AS9905","LINKNET-ID-AP Linknet ASN",{v: 0.00, f:'0.00%'},{v: 0.00, f: '0.00%'},31689,
"AS4795","INDOSATM2-ID INDOSATM2 ASN",{v: 42.34, f:'42.34%'},{v: 40.19, f: '40.19%'},27963,
"AS23947","MORATELINDONAP-AS-ID PT.Mora Telematika Indonesia",{v: 0.00, f:'0.00%'},{v: 0.00, f: '0.00%'},23955,
"AS55699","STARNET-AS-ID PT. Cemerlang Multimedia",{v: 0.00, f:'0.00%'},{v: 0.00, f: '0.00%'},23353,
"AS55666","GMEDIA-AS-ID PT Media Sarana Data",{v: 0.00, f:'0.00%'},{v: 0.00, f: '0.00%'},22055,
"AS4800","LINTASARTA-AS-AP Network Access Provider and Internet Service Provider",{v: 1.58, f:'1.58%'},{v: 1.52, f: '1.52%'},20550,
"AS18103","NEUVIZ-AS-ID-AP Neuviz Net",{v: 0.01, f:'0.01%'},{v: 0.01, f: '0.01%'},18427,
"AS38506","PIKANET-AS-ID PT Pika Media Komunika",{v: 0.01, f:'0.01%'},{v: 0.01, f: '0.01%'},16961,
"AS9341","ICONPLN-ID-AP PT Indonesia Comnets Plus",{v: 0.00, f:'0.00%'},{v: 0.00, f: '0.00%'},16318,
"AS9422","SOLNET-ID PT SOLNET INDONESIA",{v: 0.00, f:'0.00%'},{v: 0.00, f: '0.00%'},11921,
"AS23951","CITRA-AS-ID PT JEMBATAN CITRA NUSANTARA",{v: 0.14, f:'0.14%'},{v: 0.14, f: '0.14%'},11227,
"AS24207","EXPRESSNET-AS-ID PT NettoCyber Indonesia",{v: 0.01, f:'0.01%'},{v: 0.01, f: '0.01%'},11109,
"AS38320","MMS-AS-ID PT Maxindo Mitra Solusi, Jl Kelapa Puan Raya Blok FU 19, Jakarta",{v: 0.05, f:'0.05%'},{v: 0.05, f: '0.05%'},10332,
"AS45294","WANXP-AS-ID PT. Wanriau Indoxp",{v: 0.01, f:'0.01%'},{v: 0.01, f: '0.01%'},9262,
"AS45705","PPTIK-UGM-AS-ID PPTIK - UNIVERSITAS GADJAH MADA",{v: 0.00, f:'0.00%'},{v: 0.00, f: '0.00%'},7497,
"AS132641","NETCITI-AS-ID PT Netciti Persada",{v: 0.01, f:'0.01%'},{v: 0.01, f: '0.01%'},7494,
"AS46023","QUANTUMNET-AS-ID PT Quantum Tera Network",{v: 0.00, f:'0.00%'},{v: 0.00, f: '0.00%'},7432,
"AS45287","VARNION-AS-ID Varnion Technology Semesta, PT",{v: 0.00, f:'0.00%'},{v: 0.00, f: '0.00%'},7387,
"AS17658","PRIMANET-AS PrimaNet - PT. Khasanah Timur Indonesia",{v: 0.00, f:'0.00%'},{v: 0.00, f: '0.00%'},7158,
"AS58369","FIBERNET-AS-AP PT. Fiber Networks Indonesia",{v: 0.01, f:'0.01%'},{v: 0.01, f: '0.01%'},6968,
"AS38758","HYPERNET-AS-ID PT. HIPERNET INDODATA",{v: 0.01, f:'0.01%'},{v: 0.00, f: '0.00%'},6876,
"AS9657","MELSANET-ID-AP Melsa-i-net AS",{v: 0.06, f:'0.06%'},{v: 0.06, f: '0.06%'},6800,
"AS4796","BANDUNG-NET-AS-AP Institute of Technology Bandung",{v: 83.56, f:'83.56%'},{v: 1.79, f: '1.79%'},6430,
"AS45701","MILLENINDO-AS-ID Internet Madju Abad Millenindo, PT",{v: 0.00, f:'0.00%'},{v: 0.00, f: '0.00%'},5262,
"AS23953","SCBDNET-AS-ID PT ARTHA TELEKOMINDO",{v: 0.04, f:'0.04%'},{v: 0.04, f: '0.04%'},5193,
"AS38750","TDS-AS-ID Telemedia Dinamika Sarana, PT",{v: 0.00, f:'0.00%'},{v: 0.00, f: '0.00%'},5131,
"AS24523","ORION-AS-ID Orion Cyber Internet",{v: 0.00, f:'0.00%'},{v: 0.00, f: '0.00%'},4939,
"AS56242","SKI-AS-ID PT SUMBER KONEKSI INDOTELEMATIKA",{v: 0.02, f:'0.02%'},{v: 0.00, f: '0.00%'},4926,
"AS55685","JLM-AS-ID PT Jala Lintas Media",{v: 0.00, f:'0.00%'},{v: 0.00, f: '0.00%'},4838,
"AS17995","SOLUSINET-AS-ID PT iForte Global Internet",{v: 0.37, f:'0.37%'},{v: 0.00, f: '0.00%'},4639,
"AS9340","INDONET-AS-AP INDO Internet, PT",{v: 0.00, f:'0.00%'},{v: 0.00, f: '0.00%'},4390,
"AS59155","IDNIC-INETKU-AS-ID PT. Pemuda Berkarya Manunggal",{v: 0.00, f:'0.00%'},{v: 0.00, f: '0.00%'},4170,
"AS24527","DAKARANET-AS-ID Internet Service Provider",{v: 0.00, f:'0.00%'},{v: 0.00, f: '0.00%'},3960,
"AS45305","LDP-AS-ID Lintas Data Prima, PT",{v: 0.00, f:'0.00%'},{v: 0.00, f: '0.00%'},3942,
"AS133797","ACSATA-AS-ID PT Rekajasa Akses",{v: 0.00, f:'0.00%'},{v: 0.00, f: '0.00%'},3924,
"AS4434","ERX-RADNET1-AS PT Rahajasa Media Internet",{v: 0.00, f:'0.00%'},{v: 0.00, f: '0.00%'},3773,
"AS133166","PERTAMINA-AS-ID PT Pertamina (Persero)",{v: 0.00, f:'0.00%'},{v: 0.00, f: '0.00%'},3763,
"AS23671","JMN-AS-ID Jogja Medianet",{v: 0.00, f:'0.00%'},{v: 0.00, f: '0.00%'},3604,
"AS131706","TERABIT-AS-ID PT SELARAS CITRA TERABIT",{v: 0.00, f:'0.00%'},{v: 0.00, f: '0.00%'},3532,
"AS18059","DTPNET-AS-AP DTPNET NAP",{v: 0.00, f:'0.00%'},{v: 0.00, f: '0.00%'},3526,
"AS134655","DUMAIMANDIRINET-AS-ID PT. DUMAI MANDIRI NET",{v: 0.00, f:'0.00%'},{v: 0.00, f: '0.00%'},3268,
"AS46019","UNIBRAW-AS-ID Universitas Brawijaya",{v: 0.00, f:'0.00%'},{v: 0.00, f: '0.00%'},3168,
"AS59139","WIFIKU-AS-ID PT Wifiku Indonesia",{v: 0.00, f:'0.00%'},{v: 0.00, f: '0.00%'},3154,
"AS38778","DWPNET-AS-ID PT. Dutakom Wibawa Putra",{v: 0.00, f:'0.00%'},{v: 0.00, f: '0.00%'},3000,
"AS24536","ELNUS-AS-ID PT. Elektrindo Data Nusantara",{v: 0.00, f:'0.00%'},{v: 0.00, f: '0.00%'},2966,
"AS24521","DATAUTAMA-NET-AS-ID PT. DATA Utama Dinamika",{v: 0.07, f:'0.07%'},{v: 0.07, f: '0.07%'},2911,
"AS46044","UNPAD-AS-ID Universitas Padjadjaran",{v: 0.00, f:'0.00%'},{v: 0.00, f: '0.00%'},2821,
"AS55684","UNS-AS-ID Universitas Sebelas Maret",{v: 0.00, f:'0.00%'},{v: 0.00, f: '0.00%'},2763,
"AS38896","CERGIS-AS-AP PT. Centra Global Investama",{v: 0.00, f:'0.00%'},{v: 0.00, f: '0.00%'},2551,
"AS24530","POWERNET-AS-ID PT. Power Telecom Indonesia",{v: 0.00, f:'0.00%'},{v: 0.00, f: '0.00%'},2530,
"AS24535","ISATNET-AS-ID PT.Insan Sarana Telematika",{v: 0.00, f:'0.00%'},{v: 0.00, f: '0.00%'},2400,
"AS17884","UNINET-AP PT. Uninet Media Sakti (ISP)",{v: 0.04, f:'0.04%'},{v: 0.00, f: '0.00%'},2382,
"AS9326","CENTRIN-AS-AP PT Centrin Utama",{v: 0.00, f:'0.00%'},{v: 0.00, f: '0.00%'},2360,
"AS24526","BINUS Bina Nusantara University",{v: 0.04, f:'0.04%'},{v: 0.04, f: '0.04%'},2314,
"AS58482","PALAPAMEDIA-AS-ID PT. Palapa Media Indonesia",{v: 0.00, f:'0.00%'},{v: 0.00, f: '0.00%'},2307,
"AS17553","IPBNET-AS-AP Bogor Agricultural University",{v: 0.26, f:'0.26%'},{v: 0.17, f: '0.17%'},2306,
"AS38773","CIPUTRA-AS-ID CiputraNet",{v: 0.04, f:'0.04%'},{v: 0.04, f: '0.04%'},2272,
"AS55665","STMI-AS-ID PT Sampoerna Telemedia Indonesia",{v: 0.00, f:'0.00%'},{v: 0.00, f: '0.00%'},2265,
"AS23949","COMNET-AS-ID PT Comtronics Systems",{v: 0.00, f:'0.00%'},{v: 0.00, f: '0.00%'},2213,
"AS55701","ASNET-AS-ID PT. Usaha Adisanggoro",{v: 0.00, f:'0.00%'},{v: 0.00, f: '0.00%'},2204,
"AS38331","ITS-AS-ID-AP Institut Teknologi Sepuluh Nopember",{v: 0.00, f:'0.00%'},{v: 0.00, f: '0.00%'},2200,
"AS23756","PADINET-AS-ID PADINET - Padi Internet",{v: 0.00, f:'0.00%'},{v: 0.00, f: '0.00%'},2152,
"AS55653","SKYLINE-AS-ID Skyline Semesta, PT",{v: 0.00, f:'0.00%'},{v: 0.00, f: '0.00%'},2114,
"AS131711","ORANGE-ISP-AS-ID PT Global Teknologi Teraindo",{v: 0.00, f:'0.00%'},{v: 0.00, f: '0.00%'},2113,
"AS10217","NTT-NET-ID-AS PT. NTT Indonesia",{v: 0.05, f:'0.05%'},{v: 0.05, f: '0.05%'},2050,
"AS45706","TGG-AS-ID Tele Globe Global, PT",{v: 0.00, f:'0.00%'},{v: 0.00, f: '0.00%'},2044,
"AS133796","KEMENDAG-AS-ID Subbid Sistem Jaringan dan Infrastruktur",{v: 0.00, f:'0.00%'},{v: 0.00, f: '0.00%'},1957,
"AS132652","IDNIC-UNINA-AS-ID PT. Cahaya Buana Raksa",{v: 0.00, f:'0.00%'},{v: 0.00, f: '0.00%'},1956,
"AS9875","PESAT1-AS-AP PT. Pasifik Satelit Nusantara",{v: 0.26, f:'0.26%'},{v: 0.20, f: '0.20%'},1956,
"AS133838","INFOTEK-AS-ID PT Infotek Global Network",{v: 0.00, f:'0.00%'},{v: 0.00, f: '0.00%'},1951,
"AS55674","PUSKOM-UNY-AS-ID Universitas Negeri Yogyakarta",{v: 0.00, f:'0.00%'},{v: 0.00, f: '0.00%'},1942,
"AS59156","BALISOKET-AS-ID PT Bali Soket Informindo",{v: 0.00, f:'0.00%'},{v: 0.00, f: '0.00%'},1920,
"AS56233","ATSINDO-AS-ID PT Asia Teknologi Solusi",{v: 0.00, f:'0.00%'},{v: 0.00, f: '0.00%'},1917,
"AS58821","IDNIC-LJN-AS-ID PT Lintas Jaringan Nusantara",{v: 0.00, f:'0.00%'},{v: 0.00, f: '0.00%'},1889,
"AS58495","HSPNET-AS-ID PT Parsaoran Global Datatrans",{v: 0.00, f:'0.00%'},{v: 0.00, f: '0.00%'},1872,
"AS9228","CENTRALONLINE-ID-AS-AP PT. Total Info Kharisma",{v: 0.00, f:'0.00%'},{v: 0.00, f: '0.00%'},1863,
"AS38496","CNI-AS-ID PT Cyber Network Indonesia",{v: 0.00, f:'0.00%'},{v: 0.00, f: '0.00%'},1831,
"AS38142","UNAIR-AS-ID Universitas Airlangga",{v: 0.00, f:'0.00%'},{v: 0.00, f: '0.00%'},1817,
"AS18394","UPI-AS-ID Universitas Pendidikan Indonesia",{v: 0.00, f:'0.00%'},{v: 0.00, f: '0.00%'},1777,
"AS133357","IDNIC-TELU-AS-ID TELKOM UNIVERSITY",{v: 0.00, f:'0.00%'},{v: 0.00, f: '0.00%'},1755,
"AS131769","IDNIC-MAYATAMA-AS-ID PT Mayatama Solusindo",{v: 0.00, f:'0.00%'},{v: 0.00, f: '0.00%'},1725,
"AS131740","SMARTMEDIA-AS-ID PT Smart Media Pratama",{v: 0.00, f:'0.00%'},{v: 0.00, f: '0.00%'},1711,
"AS38753","SOLUSINDO-AS-ID Solusindo Bintang Pratama, PT",{v: 0.00, f:'0.00%'},{v: 0.00, f: '0.00%'},1692,
"AS63500","IDNIC-UNAND-AS-ID Lembaga Pengembangan Teknologi Informasi dan Komunikasi",{v: 0.00, f:'0.00%'},{v: 0.00, f: '0.00%'},1689,
"AS17885","JKTXLNET-AS-AP PT Excelcomindo Pratama",{v: 0.00, f:'0.00%'},{v: 0.00, f: '0.00%'},1618,
"AS38144","JALAWAVE-AS-ID PT Jalawave Cakrawala",{v: 0.19, f:'0.19%'},{v: 0.00, f: '0.00%'},1600,
"AS24213","ARSEN-AS-ID PT. Arsen Kusuma Indonesia",{v: 0.00, f:'0.00%'},{v: 0.00, f: '0.00%'},1592,
"AS38765","ESDM-AS-ID Departemen Energi dan Sumber Daya Mineral",{v: 0.00, f:'0.00%'},{v: 0.00, f: '0.00%'},1531,
"AS24206","CHANNEL11-AS-ID PT Cakra Lintas Nusantara",{v: 0.26, f:'0.26%'},{v: 0.26, f: '0.26%'},1524,
"AS17671","ASN-JETCOMS JETCOMS-ID Autonomous system",{v: 0.00, f:'0.00%'},{v: 0.00, f: '0.00%'},1460,
"AS45302","DESNET-AS-ID PT DES Teknologi Informasi",{v: 0.00, f:'0.00%'},{v: 0.00, f: '0.00%'},1441,
"AS38515","GRAHAMEDIA-NET-AS-ID GRAHAMEDIA INFORMASI, PT.",{v: 0.00, f:'0.00%'},{v: 0.00, f: '0.00%'},1440,
"AS23699","EZNET-AS-ID IP Teknologi Komunikasi, PT.",{v: 0.00, f:'0.00%'},{v: 0.00, f: '0.00%'},1438,
"AS132676","IDNIC-UNSRI-AS-ID Universitas Sriwijaya",{v: 0.00, f:'0.00%'},{v: 0.00, f: '0.00%'},1429,
"AS46049","UNDIP-AS-ID Universitas Diponegoro",{v: 0.00, f:'0.00%'},{v: 0.00, f: '0.00%'},1413,
"AS9785","JASATELNET-AS-ID Jasa Terpadu Telematika (Jasatel)",{v: 0.00, f:'0.00%'},{v: 0.00, f: '0.00%'},1404,
"AS58376","AKGU-AS-ID PT Angkasa Komunikasi Global Utama",{v: 0.00, f:'0.00%'},{v: 0.00, f: '0.00%'},1374,
"AS58400","UNNES-AS-ID Universitas Negeri Semarang",{v: 0.00, f:'0.00%'},{v: 0.00, f: '0.00%'},1322,
"AS46063","GRAHANET-AS-ID PT.Graha Telekomunikasi Indonesia",{v: 0.00, f:'0.00%'},{v: 0.00, f: '0.00%'},1315,
"AS45732","DEPKEU-AS-ID Pusat Sistem Informasi dan Teknologi Keuangan ( Pusintek )",{v: 0.00, f:'0.00%'},{v: 0.00, f: '0.00%'},1314,
"AS56239","GASTRANET-AS-ID PT Graha Anugrah Sejahtera",{v: 0.00, f:'0.00%'},{v: 0.00, f: '0.00%'},1302,
"AS9794","DNET-ID-AP PT. Core Mediatech (D-NET)",{v: 0.00, f:'0.00%'},{v: 0.00, f: '0.00%'},1293,
"AS55668","JABARTELNET-AS-ID PT Jabar Telematika",{v: 0.00, f:'0.00%'},{v: 0.00, f: '0.00%'},1292,
"AS55652","DASHNET-AS-ID Sumidhaz Permata Bunda, PT",{v: 0.00, f:'0.00%'},{v: 0.00, f: '0.00%'},1264,
"AS24525","SAP-AS-ID PT Solusi Aksesindo Pratama",{v: 0.00, f:'0.00%'},{v: 0.00, f: '0.00%'},1227,
"AS46026","BBT-AS-ID BATAM BINTAN TELEKOMUNIKASI, PT",{v: 0.00, f:'0.00%'},{v: 0.00, f: '0.00%'},1216,
"AS133364","IDNIC-PNJ-AS-ID Politeknik Negeri Jakarta",{v: 0.00, f:'0.00%'},{v: 0.00, f: '0.00%'},1214,
"AS131722","IDNIC-PU-AS-ID Kementrian Pekerjaan Umum",{v: 0.00, f:'0.00%'},{v: 0.00, f: '0.00%'},1212,
"AS38150","TELNET-AS-ID PT. TIME EXCELINDO",{v: 0.25, f:'0.25%'},{v: 0.25, f: '0.25%'},1200,
"AS38500","CROSSNET-AS-ID PT. Cross Network Indonesia",{v: 0.00, f:'0.00%'},{v: 0.00, f: '0.00%'},1184,
"AS131735","IDNIC-TNC-ID PT Telemedia Network Cakrawala",{v: 0.00, f:'0.00%'},{v: 0.00, f: '0.00%'},1184,
"AS38153","UPH-AS-ID Universitas Pelita Harapan",{v: 0.00, f:'0.00%'},{v: 0.00, f: '0.00%'},1173,
"AS59280","IDNIC-KAILIGLOBAL-AS-ID PT. Kaili Global",{v: 0.00, f:'0.00%'},{v: 0.00, f: '0.00%'},1168,
"AS63885","MYNET-AS-ID PT Inovasi Tjaraka Buana",{v: 0.00, f:'0.00%'},{v: 0.00, f: '0.00%'},1153,
"AS38145","PANCA-AS-ID PT. Panca Dewata Utama",{v: 0.00, f:'0.00%'},{v: 0.00, f: '0.00%'},1134,
"AS58477","ARGON-AS-ID Argon Data Communication",{v: 0.09, f:'0.09%'},{v: 0.00, f: '0.00%'},1130,
"AS133360","IDNIC-AWINET-AS-ID Internet Service Provider",{v: 0.00, f:'0.00%'},{v: 0.00, f: '0.00%'},1130,
"AS17538","CIRCLECOM-AS-ID-AP PT. Circlecom Nusantara Indonesia",{v: 0.00, f:'0.00%'},{v: 0.00, f: '0.00%'},1127,
"AS59273","KLN-AS-ID PT KOMUNIKASI LINTAS NUSA",{v: 0.00, f:'0.00%'},{v: 0.00, f: '0.00%'},1099,
"AS132649","ADAUNET-AS-ID PT Adau Putra Network",{v: 0.00, f:'0.00%'},{v: 0.00, f: '0.00%'},1086,
"AS17996","UIINET-ID-AP PT Global Prima Utama",{v: 0.65, f:'0.65%'},{v: 0.65, f: '0.65%'},1071,
"AS17727","NAPINFO-AS-AP PT. NAP Info Lintas Nusa",{v: 0.00, f:'0.00%'},{v: 0.00, f: '0.00%'},1070,
"AS45722","INTERSATNET-AS-ID Widya Intersat Nusantara, PT",{v: 0.00, f:'0.00%'},{v: 0.00, f: '0.00%'},1068,
"AS45298","INTERLINK-TECH-AS-ID INTERLINK TECHNOLOGY, PT",{v: 0.00, f:'0.00%'},{v: 0.00, f: '0.00%'},1013,
"AS58474","MANGONET-AS-ID PT. MATRIXNET GLOBAL INDONESIA",{v: 0.00, f:'0.00%'},{v: 0.00, f: '0.00%'},999,
"AS133827","IDNIC-UII-AS-ID UNIVERSITAS ISLAM INDONESIA",{v: 0.00, f:'0.00%'},{v: 0.00, f: '0.00%'},990,
"AS45289","INDOTRANS-AS-ID Indotrans Data, PT",{v: 0.00, f:'0.00%'},{v: 0.00, f: '0.00%'},977,
"AS56237","UNILA-AS-ID Universitas Lampung",{v: 0.00, f:'0.00%'},{v: 0.00, f: '0.00%'},940,
"AS55697","USU-AS-ID Universitas Sumatera Utara",{v: 0.00, f:'0.00%'},{v: 0.00, f: '0.00%'},926,
"AS59276","NOLSPOT-AS-ID PT Jaringan Multimedia Indonesia",{v: 0.00, f:'0.00%'},{v: 0.00, f: '0.00%'},921,
"AS24211","DETIK-AS-ID PT. Detik Ini JUga",{v: 6.41, f:'6.41%'},{v: 6.41, f: '6.41%'},920,
"AS131743","IDNIC-GBA-AS-ID PT GNET BIARO AKSES",{v: 0.00, f:'0.00%'},{v: 0.00, f: '0.00%'},920,
"AS45734","IDNIC-METROTV-AS-ID PT Media Televisi Indonesia",{v: 0.00, f:'0.00%'},{v: 0.00, f: '0.00%'},916,
"AS58486","ITECHNET-AS-ID PT. Intelex Technet Global",{v: 0.00, f:'0.00%'},{v: 0.00, f: '0.00%'},910,
"AS65515","-Private Use AS-",{v: 0.00, f:'0.00%'},{v: 0.00, f: '0.00%'},907,
"AS3382","ERX-JUITA-UINET University of Indonesia",{v: 0.00, f:'0.00%'},{v: 0.00, f: '0.00%'},902,
"AS45786","HTSNET-AS-ID HTSNET - ISP",{v: 0.00, f:'0.00%'},{v: 0.00, f: '0.00%'},900,
"AS45697","UBAYA-AS-ID Universitas Surabaya",{v: 0.11, f:'0.11%'},{v: 0.11, f: '0.11%'},889,
"AS133817","INTIDATA-AS-ID PT Inti Data Telematika",{v: 0.00, f:'0.00%'},{v: 0.00, f: '0.00%'},878,
"AS56246","SDI-AS-ID PT Sumber Data Indonesia",{v: 0.00, f:'0.00%'},{v: 0.00, f: '0.00%'},876,
"AS0","Reserved (ietf)",{v: 0.00, f:'0.00%'},{v: 0.00, f: '0.00%'},873,
"AS131779","IDNIC-BDSI-DPR-AS-ID Bidang Data dan Sarana Informasi (BDSI) Sekjen DPR RI",{v: 0.00, f:'0.00%'},{v: 0.00, f: '0.00%'},872,
"AS131728","ANEKASIGNAL-AS-ID PT Aneka Signal",{v: 0.00, f:'0.00%'},{v: 0.00, f: '0.00%'},866,
"AS133354","IDNIC-AKPA-AS-ID PT Anugerah Karunia Perkasa Abadi",{v: 0.00, f:'0.00%'},{v: 0.00, f: '0.00%'},863,
"AS131693","IDNIC-KEMENAG-AS-ID Kementerian Agama (KEMENAG)",{v: 0.00, f:'0.00%'},{v: 0.00, f: '0.00%'},855,
"AS24201","ANDALASMEDIA-AS-ID PT. Andalas Media Informatika",{v: 0.00, f:'0.00%'},{v: 0.00, f: '0.00%'},853,
"AS131709","IDNIC-UNSOED-AS-ID PENGGUNA DIKS PTH UNSOED",{v: 0.00, f:'0.00%'},{v: 0.00, f: '0.00%'},851,
"AS24200","CAKRAMEDIA-AS-ID PT. Cakramedia Indocyber",{v: 0.00, f:'0.00%'},{v: 0.00, f: '0.00%'},850,
"AS46032","GLOBENET-AS-ID Fastel Sarana Indonesia PT",{v: 0.00, f:'0.00%'},{v: 0.00, f: '0.00%'},845,
"AS38148","QIANDRA-AS-ID QIANDRA INFORMATION TECHNOLOGY PT",{v: 0.00, f:'0.00%'},{v: 0.00, f: '0.00%'},843,
"AS38490","INDOSATM2-NAP-AS-AP INDOSAT Mega Media (Internet Network Provider) Pt",{v: 0.00, f:'0.00%'},{v: 0.00, f: '0.00%'},836,
"AS38505","GMNUSANTARA-AS-ID PT Graha Multimedia Nusantara",{v: 0.00, f:'0.00%'},{v: 0.00, f: '0.00%'},834,
"AS63508","JOGJARINGAN-AS-ID PT DINAMIKA MEDIAKOM",{v: 0.00, f:'0.00%'},{v: 0.00, f: '0.00%'},814,
"AS45292","LIPI-AS-ID Lembaga Ilmu Pengetahuan Indonesia - LIPI",{v: 2.19, f:'2.19%'},{v: 0.00, f: '0.00%'},777,
"AS58553","IDNIC-3DTECH-ID PT 3D Tech",{v: 0.00, f:'0.00%'},{v: 0.00, f: '0.00%'},772,
"AS38156","ROUTELINK-AS-ID Internet Service Provider",{v: 0.00, f:'0.00%'},{v: 0.00, f: '0.00%'},762,
"AS63499","IDNIC-UNP-AS-ID Universitas Negeri Padang",{v: 0.00, f:'0.00%'},{v: 0.00, f: '0.00%'},758,
"AS38162","DELTA-AS-ID PT Delta Nusantara Networks",{v: 0.00, f:'0.00%'},{v: 0.00, f: '0.00%'},757,
"AS55656","DEPHUB-AS-ID Ministry of Transportation Republic of Indonesia",{v: 0.00, f:'0.00%'},{v: 0.00, f: '0.00%'},756,
"AS18365","GRAMEDIA-ID GRAMEDIA, PT.",{v: 0.00, f:'0.00%'},{v: 0.00, f: '0.00%'},751,
"AS38766","BMP-AS-ID PT. Bumi Merbabu Permai",{v: 0.00, f:'0.00%'},{v: 0.00, f: '0.00%'},745,
"AS63510","UNSYIAH-AS-ID Syiah Kuala University (Unsyiah)",{v: 0.00, f:'0.00%'},{v: 0.00, f: '0.00%'},739,
"AS132637","BITSNET-AS-ID PT BINA INFORMATIKA SOLUSI",{v: 0.00, f:'0.00%'},{v: 0.00, f: '0.00%'},736,
"AS132642","IDNIC-UAD-AS-ID Universitas Ahmad Dahlan",{v: 0.14, f:'0.14%'},{v: 0.14, f: '0.14%'},734,
"AS45295","KEPRINET-AS-ID PT. Cipta Informatika Cemerlang",{v: 0.00, f:'0.00%'},{v: 0.00, f: '0.00%'},729,
"AS131699","IDNIC-DMA-AS-ID PT. Deltrasindo Mitra Asiatama",{v: 0.00, f:'0.00%'},{v: 0.00, f: '0.00%'},725,
"AS131734","IDNIC-UINJKT-AS-ID Universitas Islam Negeri Syarif Hidayatullah Jakarta",{v: 0.00, f:'0.00%'},{v: 0.00, f: '0.00%'},725,
"AS131717","IDNIC-CIFO-AS-ID PT Citra Jelajah Informatika",{v: 0.00, f:'0.00%'},{v: 0.00, f: '0.00%'},724,
"AS45725","KINGS-AS-ID Kings Network Indonesia, PT",{v: 0.00, f:'0.00%'},{v: 0.00, f: '0.00%'},720,
"AS131763","IDNIC-TADULAKO-AS-ID Universitas Tadulako",{v: 0.00, f:'0.00%'},{v: 0.00, f: '0.00%'},718,
"AS45712","DEPLU-AS-ID Departemen Luar Negeri Republik Indonesia",{v: 0.00, f:'0.00%'},{v: 0.00, f: '0.00%'},703,
"AS17910","TIGAKOM-AS-ID PT. Tigatra Infokom",{v: 0.00, f:'0.00%'},{v: 0.00, f: '0.00%'},692,
"AS55670","UNIVERSALNET-AS-ID PT. Universal Broadband",{v: 0.00, f:'0.00%'},{v: 0.00, f: '0.00%'},691,
"AS38524","LAXONET-AS-ID Laxo Global Akses, PT",{v: 0.00, f:'0.00%'},{v: 0.00, f: '0.00%'},683,
"AS131724","IDNIC-DINHUBKOMINFO-JATENG-AS-ID DINHUBKOMINFO PEMPROV. JAWA TENGAH",{v: 0.00, f:'0.00%'},{v: 0.00, f: '0.00%'},674,
"AS38502","MDPNET-AS-ID PT. MULTI DATA PALEMBANG",{v: 0.00, f:'0.00%'},{v: 0.00, f: '0.00%'},672,
"AS55680","KSI-UAJY-AS-ID Kantor Sistem Informasi Universitas Atma Jaya Yogyakarta",{v: 0.00, f:'0.00%'},{v: 0.00, f: '0.00%'},665,
"AS63490","IDNIC-ARTHAHOSTING-AS-ID PT Artha Media Lintas Nusa",{v: 0.00, f:'0.00%'},{v: 0.00, f: '0.00%'},661,
"AS38769","BITEK-AS-ID PT. Bit Technology Nusantara",{v: 0.00, f:'0.00%'},{v: 0.00, f: '0.00%'},660,
"AS136058","IDNIC-TRUNOJOYO-AS-ID UNIVERSITAS TRUNOJOYO MADURA",{v: 0.00, f:'0.00%'},{v: 0.00, f: '0.00%'},658,
"AS46054","WLAN-AS-ID PT Wahana Lintas Nusa Persada",{v: 0.00, f:'0.00%'},{v: 0.00, f: '0.00%'},658,
"AS59150","IDNIC-RTIGA-AS-ID PT Rtiga Global Media",{v: 0.00, f:'0.00%'},{v: 0.00, f: '0.00%'},656,
"AS46052","EEPIS-AS-ID Politeknik Elektronika Negeri Surabaya",{v: 0.00, f:'0.00%'},{v: 0.00, f: '0.00%'},654,
"AS46024","BNI-AS-ID PT. Bank Negara Indonesia (Persero), Tbk.",{v: 0.00, f:'0.00%'},{v: 0.00, f: '0.00%'},653,
"AS46017","BAKOSURTANAL-AS-ID Badan Koordinasi Survei dan Pemetaan Nasional (BAKOSURTANAL)",{v: 0.00, f:'0.00%'},{v: 0.00, f: '0.00%'},652,
"AS132660","IDNIC-UNG-AS-ID Universitas Negeri Gorontalo",{v: 0.00, f:'0.00%'},{v: 0.00, f: '0.00%'},648,
"AS63882","GPL-AS-ID PT Giga Prima Lestari",{v: 0.00, f:'0.00%'},{v: 0.00, f: '0.00%'},623,
"AS58488","IDNIC-KKP-AS-ID PUSDATIN KKP",{v: 0.00, f:'0.00%'},{v: 0.00, f: '0.00%'},619,
"AS131746","PERMANA-AS-ID PT. Medianusa Permana",{v: 0.00, f:'0.00%'},{v: 0.00, f: '0.00%'},617,
"AS55693","BATI-AS-ID PT. Bangun Abadi Teknologi Indonesia",{v: 0.00, f:'0.00%'},{v: 0.00, f: '0.00%'},603,
"AS38785","BAGUSNET-AS-ID PT. BORNEO BROADBAND TECHNOLOGY",{v: 0.00, f:'0.00%'},{v: 0.00, f: '0.00%'},597,
"AS38146","DIGINET-AS-ID DIGITAL WIRELESS INDONESIA PT.",{v: 0.00, f:'0.00%'},{v: 0.00, f: '0.00%'},587,
"AS135478","ASN-CBNBROADBAND PT. Cyberindo Aditama",{v: 0.00, f:'0.00%'},{v: 0.00, f: '0.00%'},584,
"AS133361","IDNIC-UNPAR-AS-ID Universitas Katolik Parahyangan",{v: 0.00, f:'0.00%'},{v: 0.00, f: '0.00%'},573,
"AS63878","VICTORYNET-AS-ID PT Victory Network Indonesia",{v: 0.00, f:'0.00%'},{v: 0.00, f: '0.00%'},572,
"AS38527","MLINK-AS-ID JAWA POS NATIONAL NETWORK MEDIALINK, PT",{v: 0.00, f:'0.00%'},{v: 0.00, f: '0.00%'},571,
"AS45304","PETRA-AS-ID PetraNet, Surabaya, Indonesia",{v: 0.00, f:'0.00%'},{v: 0.00, f: '0.00%'},569,
"AS38510","DEPTAN-AS-ID KEMENTERIAN PERTANIAN REPUBLIK INDONESIA",{v: 0.00, f:'0.00%'},{v: 0.00, f: '0.00%'},555,
"AS17826","SATATANET-ID Jl. Raya Pasar Minggu no 99D",{v: 0.00, f:'0.00%'},{v: 0.00, f: '0.00%'},554,
"AS38783","IDNIC-ID Indonesia Network Information Center",{v: 0.00, f:'0.00%'},{v: 0.00, f: '0.00%'},553,
"AS55695","UIN-AS-ID Universitas Islam Negeri Sunan Kalijaga Yogyakarta",{v: 0.00, f:'0.00%'},{v: 0.00, f: '0.00%'},552,
"AS38525","NETSOFT-AS-ID Netsoft, PT",{v: 0.00, f:'0.00%'},{v: 0.00, f: '0.00%'},549,
"AS59151","IDNIC-JOGJAPROV-AS-ID Bidang Layanan Teknologi dan Informasi Dinas Perhubungan",{v: 0.00, f:'0.00%'},{v: 0.00, f: '0.00%'},545,
"AS46039","BAPEPAM-LK-AS-ID Badan Pengawas Pasar Modal dan Lembaga Keuangan",{v: 0.00, f:'0.00%'},{v: 0.00, f: '0.00%'},544,
"AS45716","JETFLASH-AS-ID Cikarang Cyberindo PT.",{v: 0.00, f:'0.00%'},{v: 0.00, f: '0.00%'},543,
"AS59278","VNTNET-AS-ID PT Jaringan VNT Indonesia",{v: 0.00, f:'0.00%'},{v: 0.00, f: '0.00%'},541,
"AS46034","DEPKES-AS-ID Departemen Kesehatan",{v: 0.00, f:'0.00%'},{v: 0.00, f: '0.00%'},541,
"AS59149","TUJUHDELAPANSEMBILANNET-AS-ID PT. TUJUH DELAPAN SEMBILAN NET",{v: 0.00, f:'0.00%'},{v: 0.00, f: '0.00%'},537,
"AS134635","IDNIC-BANYUWANGIKAB-AS-ID Dinas Perhubungan, Komunikasi dan Informatika Kabupaten Banyuwangi",{v: 0.00, f:'0.00%'},{v: 0.00, f: '0.00%'},524,
"AS4382","INDONUSA-ID PT. Indonusa System Integrator Prima",{v: 0.00, f:'0.00%'},{v: 0.00, f: '0.00%'},524,
"AS58818","IDNIC-UMY-AS-ID Universitas Muhammadiyah Yogyakarta",{v: 0.00, f:'0.00%'},{v: 0.00, f: '0.00%'},522,
"AS18051","JARDIKNAS-AS-AP Pustekkom",{v: 0.00, f:'0.00%'},{v: 0.00, f: '0.00%'},517,
"AS46057","UMM-AS-ID Universitas Muhammadiyah Malang",{v: 0.00, f:'0.00%'},{v: 0.00, f: '0.00%'},512,
"AS133814","SUMATERANET-AS-ID PT Sumatera Global Mediatek",{v: 0.00, f:'0.00%'},{v: 0.00, f: '0.00%'},510,
"AS132677","GARUDAINFORMATIKA-AS-ID PT Garuda Media Informatika",{v: 0.00, f:'0.00%'},{v: 0.00, f: '0.00%'},509,
"AS38155","AUDIANET-AS-ID Audianet Sentra Data, PT",{v: 0.00, f:'0.00%'},{v: 0.00, f: '0.00%'},507,
"AS38781","MASNET-AS-ID PT. Mitra Abdi Solusi",{v: 0.00, f:'0.00%'},{v: 0.00, f: '0.00%'},506,
"AS23666","SISTELINDO-AS-ID PT Sistelindo Mitralintas",{v: 0.00, f:'0.00%'},{v: 0.00, f: '0.00%'},500,
"AS58824","IDNIC-UNIMED-AS-ID Universitas Negeri Medan",{v: 0.00, f:'0.00%'},{v: 0.00, f: '0.00%'},484,
"AS38165","ADSNET-AS-ID PT. AMBHARA DUTA SHANTI",{v: 0.00, f:'0.00%'},{v: 0.00, f: '0.00%'},477,
"AS46051","CITRA-AS-ID PT JEMBATAN CITRA NUSANTARA",{v: 0.00, f:'0.00%'},{v: 0.00, f: '0.00%'},473,
"AS45320","DEPKOMINFO-AS-ID Departemen Komunikasi dan Informasi Republik Indonesia",{v: 0.00, f:'0.00%'},{v: 0.00, f: '0.00%'},469,
"AS18156","BITNET-ID-AP BITNET ISP AS",{v: 0.00, f:'0.00%'},{v: 0.00, f: '0.00%'},468,
"AS55672","USD-AS-ID Universitas Sanata Dharma",{v: 0.00, f:'0.00%'},{v: 0.00, f: '0.00%'},457,
"AS24532","INET-AS-ID PT. Inet Global Indo",{v: 6.04, f:'6.04%'},{v: 6.04, f: '6.04%'},447,
"AS132678","IDNIC-UNEJ-AS-ID Universitas Jember",{v: 0.22, f:'0.22%'},{v: 0.22, f: '0.22%'},445,
"AS46018","DEPPERIN-AS-ID Departemen Perindustrian Republik Indonesia",{v: 0.00, f:'0.00%'},{v: 0.00, f: '0.00%'},444,
"AS45312","MLD-ID PT MEDIA LINTAS DATA",{v: 0.00, f:'0.00%'},{v: 0.00, f: '0.00%'},444,
"AS58394","BPK-AS-ID Badan Pemeriksa Keuangan (BPK RI)",{v: 0.00, f:'0.00%'},{v: 0.00, f: '0.00%'},443,
"AS135439","ADNET-AS-ID PT ADNET MEDIA INDONESIA",{v: 0.00, f:'0.00%'},{v: 0.00, f: '0.00%'},442,
"AS63501","MENTARI-AS-ID PT Mega Mentari Mandiri",{v: 0.00, f:'0.00%'},{v: 0.00, f: '0.00%'},440,
"AS38755","BPS-AS-ID Biro Statistics",{v: 0.00, f:'0.00%'},{v: 0.00, f: '0.00%'},435,
"AS56245","FAJAR-AS-ID PT Fajar Techno System",{v: 0.00, f:'0.00%'},{v: 0.00, f: '0.00%'},433,
"AS46047","POLSRI-AS-ID Politeknik Negeri Sriwijaya",{v: 0.23, f:'0.23%'},{v: 0.00, f: '0.00%'},433,
"AS135449","BIPNET-AS-ID PT. Broadband Indonesia Pratama",{v: 0.00, f:'0.00%'},{v: 0.00, f: '0.00%'},428,
"AS132638","IDNIC-IAIN-WALISONGO-AS-ID IAIN Walisongo Semarang",{v: 0.00, f:'0.00%'},{v: 0.00, f: '0.00%'},427,
"AS63827","ECONDELIGHT PT Econdelight",{v: 0.00, f:'0.00%'},{v: 0.00, f: '0.00%'},424,
"AS59275","IDNIC-UMS-AS-ID Universitas Muhammadiyah Surakarta",{v: 0.00, f:'0.00%'},{v: 0.00, f: '0.00%'},422,
"AS63873","MAGNET-AS-ID PT Mitra Akses Globalindo",{v: 0.00, f:'0.00%'},{v: 0.00, f: '0.00%'},418,
"AS58375","UNUD-AS-ID Universitas Udayana",{v: 0.00, f:'0.00%'},{v: 0.00, f: '0.00%'},417,
"AS133352","BPMNET-AS-ID PT. Berdikari Prima Mandiri",{v: 0.00, f:'0.00%'},{v: 0.00, f: '0.00%'},416,
"AS135450","IDNIC-BSTI-AS-ID PT Berkah Solusi Teknologi Informasi",{v: 0.00, f:'0.00%'},{v: 0.00, f: '0.00%'},415,
"AS58497","INTEGRA-AS-ID PT Integra Ventura",{v: 0.00, f:'0.00%'},{v: 0.00, f: '0.00%'},415,
"AS63879","IDNIC-UINSGD-AS-ID UIN Sunan Gunung Djati Bandung",{v: 0.00, f:'0.00%'},{v: 0.00, f: '0.00%'},407,
"AS58387","BPOM-AS-ID Badan Pengawas Obat dan Makanan",{v: 0.00, f:'0.00%'},{v: 0.00, f: '0.00%'},406,
"AS63867","IDNIC-DESIBLE-AS-ID PT Tirta Karya Buana",{v: 0.00, f:'0.00%'},{v: 0.00, f: '0.00%'},403,
"AS133356","IDNIC-KINEZNETWORK-AS-ID PT. Kinez Network Solutions",{v: 0.00, f:'0.00%'},{v: 0.00, f: '0.00%'},402,
"AS55687","UNTAN-AS-ID Universitas Tanjungpura",{v: 0.00, f:'0.00%'},{v: 0.00, f: '0.00%'},394,
"AS38776","GREENLINKS-AS-ID PT. Bandung Sinergi Akses Teknologi",{v: 0.00, f:'0.00%'},{v: 0.00, f: '0.00%'},394,
"AS46056","GCC-AS-ID PT Jovimaro Karya Agung",{v: 0.00, f:'0.00%'},{v: 0.00, f: '0.00%'},386,
"AS133807","IDNIC-BPN-AS-ID Badan Pertanahan Nasional",{v: 0.00, f:'0.00%'},{v: 0.00, f: '0.00%'},384,
"AS38771","CYBERPLUS-AS-ID PT Cyberplus Media Pratama",{v: 0.00, f:'0.00%'},{v: 0.00, f: '0.00%'},382,
"AS4855","PI-ID-AS-AP Pacific Link Indonesia",{v: 0.00, f:'0.00%'},{v: 0.00, f: '0.00%'},373,
"AS55679","HYPERMEDIA-AS-ID PT Hyperindo Media Perkasa",{v: 0.00, f:'0.00%'},{v: 0.00, f: '0.00%'},372,
"AS135467","IDNIC-BUKOPIN-AS-ID PT. Bank Bukopin, Tbk",{v: 0.00, f:'0.00%'},{v: 0.00, f: '0.00%'},368,
"AS55655","SIMS-AS-ID PT. Saranainsan Mudaselaras",{v: 0.00, f:'0.00%'},{v: 0.00, f: '0.00%'},365,
"AS131781","IDNIC-UINMALANG-AS-ID Universitas Islam Negeri Maulana Malik Ibrahin (UIN Maliki)",{v: 0.00, f:'0.00%'},{v: 0.00, f: '0.00%'},363,
"AS58514","SUPERNET-AS-ID PT. Supernet Advance Teknologi",{v: 0.00, f:'0.00%'},{v: 0.00, f: '0.00%'},362,
"AS55669","MCS-AS-ID PT. Maxindo Content Solution",{v: 0.00, f:'0.00%'},{v: 0.00, f: '0.00%'},354,
"AS131776","IDNIC-LAPAN-AS-ID Lembaga Penerbangan dan Antariksa Nasional (LAPAN)",{v: 0.00, f:'0.00%'},{v: 0.00, f: '0.00%'},347,
"AS58481","ASTRA-AS-ID PT. Astra International, Tbk",{v: 0.00, f:'0.00%'},{v: 0.00, f: '0.00%'},347,
"AS24210","ANGKASAWAVE-AS-ID Angkasa Sarana Teknik Komunikasi PT",{v: 0.00, f:'0.00%'},{v: 0.00, f: '0.00%'},338,
"AS132663","INDOMEDIANET-AS-ID PT Indonesia Media Komunikasi Masyarakat",{v: 0.00, f:'0.00%'},{v: 0.00, f: '0.00%'},336,
"AS131767","SOLONET-AS-ID PT. SOLO JALA BUANA",{v: 0.00, f:'0.00%'},{v: 0.00, f: '0.00%'},335,
"AS134627","IDNIC-UKSW-AS-ID Universitas Kristen Satya Wacana",{v: 0.00, f:'0.00%'},{v: 0.00, f: '0.00%'},324,
"AS46042","GUNADARMA-AS-ID Gunadarma University",{v: 0.00, f:'0.00%'},{v: 0.00, f: '0.00%'},322,
"AS135464","IDNIC-WINETMEDIA-AS-ID Winet Media Persada",{v: 0.00, f:'0.00%'},{v: 0.00, f: '0.00%'},318,
"AS132667","IDNIC-ID Indonesia Network Information Center",{v: 0.00, f:'0.00%'},{v: 0.00, f: '0.00%'},317,
"AS45710","CHOICENET-AS-ID Yudhawira Khatulistiwa, PT",{v: 0.00, f:'0.00%'},{v: 0.00, f: '0.00%'},311,
"AS59158","BLAMBANGAN-AS-ID PT Blambangan Cahaya Timur",{v: 0.00, f:'0.00%'},{v: 0.00, f: '0.00%'},307,
"AS58558","IDNIC-WIJAYASOLUSINDO-AS-ID PT Jagat Media Teknologi",{v: 0.00, f:'0.00%'},{v: 0.00, f: '0.00%'},307,
"AS18153","MULTIDATA-ID-AP PT Multidata Rancana Prima",{v: 0.00, f:'0.00%'},{v: 0.00, f: '0.00%'},304,
"AS131759","IDNIC-WDS-AS-ID PT. Web Data Solusindo",{v: 0.00, f:'0.00%'},{v: 0.00, f: '0.00%'},302,
"AS131755","IDNIC-AXARVA-AS-ID PT Axarva Media Teknologi",{v: 0.99, f:'0.99%'},{v: 0.99, f: '0.99%'},302,
"AS23950","IDNIC-ID Indonesia Network Information Center",{v: 0.00, f:'0.00%'},{v: 0.00, f: '0.00%'},301,
"AS59159","IDNIC-PDISBPPT-AS-ID PDIS - BADAN PENGKAJIAN DAN PENERAPAN TEKNOLOGI",{v: 0.00, f:'0.00%'},{v: 0.00, f: '0.00%'},300,
"AS46028","PACNET-AS-ID Transkon Jaya, PT",{v: 1.00, f:'1.00%'},{v: 1.00, f: '1.00%'},300,
"AS133816","IDNIC-ID Indonesia Network Information Center",{v: 0.00, f:'0.00%'},{v: 0.00, f: '0.00%'},297,
"AS46061","AIM-AS-ID PT. Adi Inti Mandiri",{v: 0.00, f:'0.00%'},{v: 0.00, f: '0.00%'},297,
"AS38761","SPM-AS-ID PT. Sakti Putra Mandiri",{v: 0.00, f:'0.00%'},{v: 0.00, f: '0.00%'},289,
"AS134658","JNETWORK-AS-ID PT JULIA MULTIMEDIA NUSANTARA",{v: 0.00, f:'0.00%'},{v: 0.00, f: '0.00%'},288,
"AS56254","UNRI-AS-ID UNIVERSITAS RIAU",{v: 0.00, f:'0.00%'},{v: 0.00, f: '0.00%'},287,
"AS131765","IDNIC-DEPDAGRI-AS-ID Kementerian Dalam Negeri Republik Indonesia",{v: 0.00, f:'0.00%'},{v: 0.00, f: '0.00%'},286,
"AS18056","ABADINET-AS-AP Pt Mithaharum Abadi",{v: 0.00, f:'0.00%'},{v: 0.00, f: '0.00%'},285,
"AS133826","IDNIC-DIKTI-AS-ID Direktorat Jenderal Pendidikan Tinggi",{v: 0.00, f:'0.00%'},{v: 0.00, f: '0.00%'},284,
"AS56241","METRASAT-AS-ID PT METRASAT",{v: 0.00, f:'0.00%'},{v: 0.00, f: '0.00%'},284,
"AS131757","IDNIC-CYBERK-AS-ID Koperasi PRIMKOKAS",{v: 0.00, f:'0.00%'},{v: 0.00, f: '0.00%'},283,
"AS132655","IDNIC-DPDRI-AS-ID Sekretariat Jenderal Dewan Perwakilan Daerah Republik Indonesia",{v: 0.00, f:'0.00%'},{v: 0.00, f: '0.00%'},283,
"AS136052","IDNIC-IDCLOUDHOST-AS-ID PT Cloud Hosting Indonesia",{v: 0.00, f:'0.00%'},{v: 0.00, f: '0.00%'},271,
"AS45317","JATARA-AS-ID Jaringan Lintas Utara, PT",{v: 0.00, f:'0.00%'},{v: 0.00, f: '0.00%'},271,
"AS133843","IDNIC-BRI-AS-ID PT Bank Rakyat Indonesia",{v: 0.00, f:'0.00%'},{v: 0.00, f: '0.00%'},267,
"AS131785","IDNIC-MAHKAMAHAGUNG-AS-ID Mahkamah Agung RI",{v: 0.00, f:'0.00%'},{v: 0.00, f: '0.00%'},264,
"AS4637","ASN-TELSTRA-GLOBAL Telstra Global",{v: 0.00, f:'0.00%'},{v: 0.00, f: '0.00%'},264,
"AS133844","IDNIC-UINSUSKA-AS-ID Universitas Islam Negeri Suska Riau",{v: 0.00, f:'0.00%'},{v: 0.00, f: '0.00%'},262,
"AS131749","MEDIAINDOCYBER-AS-ID PT. Arthatama Adhiprima Persada",{v: 3.07, f:'3.07%'},{v: 3.07, f: '3.07%'},261,
"AS59282","GPM-AS-ID PT Giga Patra Multimedia",{v: 0.00, f:'0.00%'},{v: 0.00, f: '0.00%'},249,
"AS135468","BNET-AS-ID PT. Wahana Internet Nusantara",{v: 0.00, f:'0.00%'},{v: 0.00, f: '0.00%'},246,
"AS55673","LINKNET-IDX-AS-ID Linknet-IDX ASN",{v: 0.00, f:'0.00%'},{v: 0.00, f: '0.00%'},240,
"AS23694","IDNIC-ICONMEDIANETWORK-AS-ID PT Iconmedia Lintas Nusantara",{v: 0.00, f:'0.00%'},{v: 0.00, f: '0.00%'},239,
"AS38754","PRIMENET-AS-ID PRIMEDIA ARMOEKADATA INTERNET, PT.",{v: 0.00, f:'0.00%'},{v: 0.00, f: '0.00%'},237,
"AS58498","IBS-AS-ID PT Infrastruktur Bisnis Sejahtera",{v: 0.00, f:'0.00%'},{v: 0.00, f: '0.00%'},233,
"AS133355","IDNIC-POLBAN-AS-ID Politeknik Negeri Bandung",{v: 0.00, f:'0.00%'},{v: 0.00, f: '0.00%'},231,
"AS24524","IDNIC-KALTIMPROV-AS-ID Pemerintah Daerah Provinsi Kalimantan Timur",{v: 0.00, f:'0.00%'},{v: 0.00, f: '0.00%'},227,
"AS58385","BSM-AS-ID PT. Bank Syariah Mandiri",{v: 0.00, f:'0.00%'},{v: 0.00, f: '0.00%'},226,
"AS46045","SIAK-AS-ID PD Sarana Pembangunan Siak",{v: 0.00, f:'0.00%'},{v: 0.00, f: '0.00%'},225,
"AS134626","IDNIC-ARISTI-AS-ID PT. Aristi Jasadata",{v: 0.45, f:'0.45%'},{v: 0.45, f: '0.45%'},224,
"AS58479","TRISAKTI-AS-ID Trisakti University",{v: 0.00, f:'0.00%'},{v: 0.00, f: '0.00%'},221,
"AS64307","IDNIC-PRUDENTIAL-AS-ID PT. PRUDENTIAL LIFE ASSURANCE",{v: 0.00, f:'0.00%'},{v: 0.00, f: '0.00%'},219,
"AS55690","ANDIRA-AS-ID PT Andira Infomedia",{v: 0.00, f:'0.00%'},{v: 0.00, f: '0.00%'},218,
"AS59146","IDNIC-BPB-AS-ID BP Berau Indonesia",{v: 0.00, f:'0.00%'},{v: 0.00, f: '0.00%'},216,
"AS45714","STI-AS-ID Sampoerna Telekomunikasi Indonesia, PT",{v: 0.00, f:'0.00%'},{v: 0.00, f: '0.00%'},216,
"AS131703","IDNIC-UNJ-AS-ID Universitas Negeri Jakarta",{v: 0.00, f:'0.00%'},{v: 0.00, f: '0.00%'},215,
"AS38001","NEWMEDIAEXPRESS-AS-AP NewMedia Express Pte Ltd. Singapore Web Hosting Service Provider",{v: 0.00, f:'0.00%'},{v: 0.00, f: '0.00%'},214,
"AS64031","INTERFAST-AS-ID PT. Kreasi Sejahtera Teknologi",{v: 0.00, f:'0.00%'},{v: 0.00, f: '0.00%'},214,
"AS24195","DHECYBER-AS-ID Dhecyber Flow Indonesia, PT",{v: 0.00, f:'0.00%'},{v: 0.00, f: '0.00%'},212,
"AS63868","NASIONALONLINE-AS-ID PT Nasional Online",{v: 0.00, f:'0.00%'},{v: 0.00, f: '0.00%'},211,
"AS134644","CAKRAWALA-AS-ID PT Cakrawala Lintas Kepri",{v: 0.00, f:'0.00%'},{v: 0.00, f: '0.00%'},209,
"AS59143","IDNIC-WIKA-AS-ID PT. Wijaya Karya",{v: 0.00, f:'0.00%'},{v: 0.00, f: '0.00%'},207,
"AS134451","NME-INDONESIA-AS-AP NewMedia Express Pte Ltd",{v: 0.00, f:'0.00%'},{v: 0.00, f: '0.00%'},204,
"AS135481","IDNIC-UNM-AS-ID Universitas Negeri Makassar",{v: 0.00, f:'0.00%'},{v: 0.00, f: '0.00%'},203,
"AS55698","INFOMEDIA-AS-ID Infomedia Nusantara PT.",{v: 0.00, f:'0.00%'},{v: 0.00, f: '0.00%'},201,
"AS56255","TRANSTECH-AS-ID PT Transtech Communication Media",{v: 0.00, f:'0.00%'},{v: 0.00, f: '0.00%'},199,
"AS64026","IDNIC-CIREBONKAB-AS-ID Pemerintah Kabupaten Cirebon",{v: 0.00, f:'0.00%'},{v: 0.00, f: '0.00%'},199,
"AS38143","BLUELINE-AS-ID PT. Rabik Bangun Pertiwi, PMA",{v: 0.51, f:'0.51%'},{v: 0.51, f: '0.51%'},197,
"AS64301","VJN-AS-ID PT Virtual Jaringan Nasional",{v: 0.00, f:'0.00%'},{v: 0.00, f: '0.00%'},193,
"AS63886","IDNIC-UPNYK-AS-ID Universitas Pembangunan Nasional Veteran Yogyakarta",{v: 0.00, f:'0.00%'},{v: 0.00, f: '0.00%'},190,
"AS131697","SI-AS-ID PT Samudera Indonesia Tbk.",{v: 0.00, f:'0.00%'},{v: 0.00, f: '0.00%'},189,
"AS24204","SATNETCOM-AS-ID Satnetcom Balikpapan PT.",{v: 0.00, f:'0.00%'},{v: 0.00, f: '0.00%'},187,
"AS59140","IDNIC-GBN-AS-ID PT Global Borneo Nusantara",{v: 0.00, f:'0.00%'},{v: 0.00, f: '0.00%'},184,
"AS45313","PEMDA-NAD-AS-ID Dinas Perhubungan,komunikasi, informasi dan Telematika -NAD",{v: 0.00, f:'0.00%'},{v: 0.00, f: '0.00%'},183,
"AS38772","SMARTLINKNET-AS-ID PT. Smartlink Global Media.",{v: 0.00, f:'0.00%'},{v: 0.00, f: '0.00%'},181,
"AS3583","ERX-IPTEK-ASN BPP Teknologi Networks Manager",{v: 0.00, f:'0.00%'},{v: 0.00, f: '0.00%'},181,
"AS133828","DUTAMEDIALINK-AS-ID PT Duta Medialink",{v: 0.00, f:'0.00%'},{v: 0.00, f: '0.00%'},181,
"AS56253","BTPN-AS-ID PT. Bank Tabungan Pensiunan Nasional Tbk",{v: 0.00, f:'0.00%'},{v: 0.00, f: '0.00%'},178,
"AS58478","PESAT2-AS-AP PT. Pasifik Satelit Nusantara",{v: 0.00, f:'0.00%'},{v: 0.00, f: '0.00%'},178,
"AS64024","YESIMEDIA-AS-ID PT Yesi Media Utama",{v: 0.00, f:'0.00%'},{v: 0.00, f: '0.00%'},177,
"AS45703","BKPM-AS-ID Badan Koordinasi Penanaman Modal (BKPM)",{v: 0.00, f:'0.00%'},{v: 0.00, f: '0.00%'},176,
"AS45325","PC24NET-AS-ID PT PC24 Telekomunikasi Indonesia",{v: 0.00, f:'0.00%'},{v: 0.00, f: '0.00%'},175,
"AS24522","GLOBALPORTNET-AS-ID PT Global Port Binekatara",{v: 0.00, f:'0.00%'},{v: 0.00, f: '0.00%'},175,
"AS63493","IDNIC-NORLECTELEKOMINDO-AS-ID PT Norlec Telekomunikasi Indonesia",{v: 0.00, f:'0.00%'},{v: 0.00, f: '0.00%'},175,
"AS64297","GLOBALMANDIRI-AS-ID PT Medialink Global Mandiri",{v: 0.00, f:'0.00%'},{v: 0.00, f: '0.00%'},172,
"AS38763","CYBERBINTAN-AS-ID PT. Cyber Bintan",{v: 0.00, f:'0.00%'},{v: 0.00, f: '0.00%'},172,
"AS24209","INTERMEDIANET-AS-ID PT. Inter Media Lintas Nusa",{v: 0.00, f:'0.00%'},{v: 0.00, f: '0.00%'},170,
"AS10137","PATRANET-AP Patrakom Internet Service Provider",{v: 15.48, f:'15.48%'},{v: 4.76, f: '4.76%'},168,
"AS133819","CIM-AS-ID PT CITRA INFOMEDIA",{v: 0.00, f:'0.00%'},{v: 0.00, f: '0.00%'},168,
"AS59274","IDNIC-MST-AS-ID PT Mitra Solusi Telematika",{v: 0.00, f:'0.00%'},{v: 0.00, f: '0.00%'},167,
"AS2","UDEL-DCN - University of Delaware",{v: 0.00, f:'0.00%'},{v: 0.00, f: '0.00%'},165,
"AS134650","IDNIC-POLIBATAM-AS-ID Politeknik Negeri Batam",{v: 0.00, f:'0.00%'},{v: 0.00, f: '0.00%'},164,
"AS135461","IDNIC-PELINDO1-AS-ID PT Pelabuhan Indonesia I (Persero)",{v: 0.00, f:'0.00%'},{v: 0.00, f: '0.00%'},164,
"AS134643","JKSNET-AS-ID PT Jaya Kartha Solusindo",{v: 0.00, f:'0.00%'},{v: 0.00, f: '0.00%'},160,
"AS24212","JASNET-AS-ID PT. JASNITA TELEKOMINDO",{v: 0.00, f:'0.00%'},{v: 0.00, f: '0.00%'},159,
"AS38509","MAXIMA-AS-ID PT. Maxima Data",{v: 0.00, f:'0.00%'},{v: 0.00, f: '0.00%'},156,
"AS10220","SNET-ID-AP PT. Sejahtera Globalindo",{v: 0.00, f:'0.00%'},{v: 0.00, f: '0.00%'},156,
"AS23695","ELGANET-AS-ID ELGANET-ASN PT. Elga Yasa Media Internet Service",{v: 0.00, f:'0.00%'},{v: 0.00, f: '0.00%'},154,
"AS133335","IDNIC-PNP-AS-ID Politeknik Negeri Padang",{v: 0.00, f:'0.00%'},{v: 0.00, f: '0.00%'},153,
"AS64300","JSN-AS-ID PT JARINGANKU SARANA NUSANTARA",{v: 0.00, f:'0.00%'},{v: 0.00, f: '0.00%'},152,
"AS59160","IDNIC-BKKBN-AS-ID Badan Kependudukan dan Keluarga Berencana Nasional",{v: 0.00, f:'0.00%'},{v: 0.00, f: '0.00%'},152,
"AS64308","IDNIC-DATAON-AS-ID PT IndoDev Niaga Internet",{v: 0.00, f:'0.00%'},{v: 0.00, f: '0.00%'},151,
"AS132668","BALITOWERNET-AS-ID PT Bali Towerindo Sentra",{v: 0.00, f:'0.00%'},{v: 0.00, f: '0.00%'},148,
"AS56060","SCBD-NET PT ARTHA TELEKOMINDO",{v: 0.00, f:'0.00%'},{v: 0.00, f: '0.00%'},147,
"AS131726","IDNIC-DISHUBKOMINFO-TEGAL-AS-ID Dishubkominfo Kota Tegal",{v: 0.00, f:'0.00%'},{v: 0.00, f: '0.00%'},147,
"AS45715","IDNIC-KEMHAN-AS-ID PUSDATIN KEMHAN RI",{v: 0.00, f:'0.00%'},{v: 0.00, f: '0.00%'},147,
"AS46027","POSTEL-AS-ID Direktorat Jenderal Pos dan Telekomunikasi (Dirjen Postel)",{v: 0.00, f:'0.00%'},{v: 0.00, f: '0.00%'},147,
"AS24197","BIGNET-AS-ID Elka Prakarsa Utama, PT",{v: 0.00, f:'0.00%'},{v: 0.00, f: '0.00%'},146,
"AS132673","IDNIC-ARANANETWORK-AS-ID PT Arana Teknologi Indonesia",{v: 0.00, f:'0.00%'},{v: 0.00, f: '0.00%'},146,
"AS45316","IDNIC-KKI-AS-ID Kantor Komunikasi Dan Informatika Kota Bogor",{v: 0.00, f:'0.00%'},{v: 0.00, f: '0.00%'},144,
"AS58492","UNISSULA-AS-ID Universitas Islam Sultan Agung",{v: 0.00, f:'0.00%'},{v: 0.00, f: '0.00%'},142,
"AS45729","INDONET-AS-AP INDO Internet, PT",{v: 0.00, f:'0.00%'},{v: 0.00, f: '0.00%'},138,
"AS4821","SINERGINET-AS-ID PT Sinergi Semesta Telematika",{v: 0.00, f:'0.00%'},{v: 0.00, f: '0.00%'},138,
"AS18393","JAVA-AS-AP Java Online, PT.",{v: 0.73, f:'0.73%'},{v: 0.73, f: '0.73%'},137,
"AS22363","PHMGMT-AS1 - Powerhouse Management, Inc.",{v: 0.00, f:'0.00%'},{v: 0.00, f: '0.00%'},136,
"AS131782","IDNIC-BUMN-AS-ID Kementerian Badan Usaha Milik Negara",{v: 0.00, f:'0.00%'},{v: 0.00, f: '0.00%'},136,
"AS58551","IDNIC-MTN-AS-ID PT. Mediatama Telematika Nusantara",{v: 0.00, f:'0.00%'},{v: 0.00, f: '0.00%'},136,
"AS136071","IDNIC-P4TKMATEMATIKA-AS-ID PPPPTK MATEMATIKA",{v: 0.00, f:'0.00%'},{v: 0.00, f: '0.00%'},134,
"AS58556","IDNIC-UNIKOM-AS-ID PT Universal Komunikatama",{v: 0.00, f:'0.00%'},{v: 0.00, f: '0.00%'},132,
"AS56234","NARATEL-AS-ID PT Naraya Telematika",{v: 0.00, f:'0.00%'},{v: 0.00, f: '0.00%'},130,
"AS45288","CYBER512-AS-ID KOMUNIKA LIMA DUABELAS, PT",{v: 0.00, f:'0.00%'},{v: 0.00, f: '0.00%'},130,
"AS131710","IDNIC-AERONET-AS-ID PT Aero Systems Indonesia",{v: 0.00, f:'0.00%'},{v: 0.00, f: '0.00%'},130,
"AS24057","AIGL-AS-AP PT. AIA FINANCIAL, Insurance company, Indonesia",{v: 0.00, f:'0.00%'},{v: 0.00, f: '0.00%'},130,
"AS132675","TAB-AS-ID PT. Terang Abadi Bersama",{v: 0.00, f:'0.00%'},{v: 0.00, f: '0.00%'},129,
"AS59131","IDNIC-UNIKA-AS-ID Universitas Katolik Soegijapranata",{v: 0.00, f:'0.00%'},{v: 0.00, f: '0.00%'},129,
"AS133841","IDOLA-BROADBAND-AS-ID INDONESIA BROADBAND ACCESS - ANYWHERE",{v: 0.00, f:'0.00%'},{v: 0.00, f: '0.00%'},128,
"AS133343","IDNIC-BAPPENAS-AS-ID BADAN PERENCANAAN PEMBANGUNAN NASIONAL",{v: 0.00, f:'0.00%'},{v: 0.00, f: '0.00%'},128,
"AS131760","IDNIC-PREMIER-OIL-AS-ID Premier oil Indonesia",{v: 0.00, f:'0.00%'},{v: 0.00, f: '0.00%'},127,
"AS58823","JMAT-AS-ID PT Jagat Media Teknologi",{v: 0.00, f:'0.00%'},{v: 0.00, f: '0.00%'},126,
"AS38779","BMG-AS-ID Badan Meteorologi dan Geofisika",{v: 0.00, f:'0.00%'},{v: 0.00, f: '0.00%'},124,
"AS45731","ARDH-AS-ID ARDH GLOBAL INDONESIA, PT",{v: 0.00, f:'0.00%'},{v: 0.00, f: '0.00%'},124,
"AS135480","IDNIC-AGTI-AS-ID PT. Arjuna Global Teknologi Indonesia",{v: 0.00, f:'0.00%'},{v: 0.00, f: '0.00%'},123,
"AS58475","UNLAM-AS-ID Universitas Lambung Mangkurat",{v: 0.00, f:'0.00%'},{v: 0.00, f: '0.00%'},122,
"AS46029","SGK-AS-ID PT. SEKAWAN GLOBAL KOMUNIKA",{v: 0.00, f:'0.00%'},{v: 0.00, f: '0.00%'},119,
"AS131753","IDNIC-VERD-AS-ID CV. VERD",{v: 0.00, f:'0.00%'},{v: 0.00, f: '0.00%'},118,
"AS38517","MAXMEDIA-AS-ID PT.Bangsawan Cyberindo",{v: 0.00, f:'0.00%'},{v: 0.00, f: '0.00%'},116,
"AS7713","TELKOMNET-AS-AP PT Telekomunikasi Indonesia",{v: 0.00, f:'0.00%'},{v: 0.00, f: '0.00%'},112,
"AS136075","CINOXMEDIANET-AS-ID PT Cinoxmedia Network Indonesia",{v: 0.00, f:'0.00%'},{v: 0.00, f: '0.00%'},111,
"AS131112","MMTC-AS-ID Sekolah Tinggi Multi Media MMTC Yogyakarta",{v: 0.00, f:'0.00%'},{v: 0.00, f: '0.00%'},110,
"AS58381","WOWRACK-AS-ID Wow Internet Indonesia",{v: 0.00, f:'0.00%'},{v: 0.00, f: '0.00%'},109,
"AS132662","IDNIC-LOTTE-AS-ID PT. Lotte Data Communication Indonesia (LDCI)",{v: 0.00, f:'0.00%'},{v: 0.00, f: '0.00%'},107,
"AS63874","IDNIC-BOSOWA-AS-ID PT Bosowa Network Media",{v: 0.00, f:'0.00%'},{v: 0.00, f: '0.00%'},107,
"AS45315","POLARIS-AS-ID PT POLARISNET",{v: 0.00, f:'0.00%'},{v: 0.00, f: '0.00%'},106,
"AS55677","HTS-AS-ID PT. Hawk Teknologi Solusi",{v: 0.00, f:'0.00%'},{v: 0.00, f: '0.00%'},106,
"AS58822","IDNIC-UNESA-AS-ID Universitas Negeri Surabaya",{v: 0.00, f:'0.00%'},{v: 0.00, f: '0.00%'},106,
"AS55683","IDNIC-ARGONDATA-AS-ID CV Argon Data Interkoneksi",{v: 0.00, f:'0.00%'},{v: 0.00, f: '0.00%'},103,
"AS56256","PERPUSNAS-AS-ID Perpustakaan Nasional RI",{v: 0.00, f:'0.00%'},{v: 0.00, f: '0.00%'},101,
"AS38764","POLRI-AS-ID MARKAS BESAR KEPOLISIAN REPUBLIK INDONESIA",{v: 0.00, f:'0.00%'},{v: 0.00, f: '0.00%'},100,
"AS23696","FIRSTASIANET-AS-ID PT Asia Utama.",{v: 0.00, f:'0.00%'},{v: 0.00, f: '0.00%'},98,
"AS46050","JOGJACAMP-AS-ID PT JC Indonesia",{v: 0.00, f:'0.00%'},{v: 0.00, f: '0.00%'},98,
"AS10208","THENET-AS-ID-AP PT. Millenium Internetindo",{v: 0.00, f:'0.00%'},{v: 0.00, f: '0.00%'},98,
"AS59285","IDNIC-LATANSA-AS-ID PT Latansa Teknologi Multimedia",{v: 0.00, f:'0.00%'},{v: 0.00, f: '0.00%'},97,
"AS132636","SMTNET-AS-ID PT Sarana Mediatama Indonesia",{v: 0.00, f:'0.00%'},{v: 0.00, f: '0.00%'},97,
"AS133808","JETCOMS-AS-ID PT Jetcoms Netindo",{v: 0.00, f:'0.00%'},{v: 0.00, f: '0.00%'},95,
"AS133347","IPC-AS-ID PT Indo Premier Securities",{v: 0.00, f:'0.00%'},{v: 0.00, f: '0.00%'},95,
"AS23691","MITRA-NET-AS-AP PT Multi Teknologi Sejahtra",{v: 0.00, f:'0.00%'},{v: 0.00, f: '0.00%'},95,
"AS64306","IDNIC-TEMANGGUNGKAB-AS-ID PEMERINTAH KABUPATEN TEMANGGUNG",{v: 0.00, f:'0.00%'},{v: 0.00, f: '0.00%'},94,
"AS136070","IDNIC-UNSRAT-AS-ID UNIVERSITAS SAM RATULANGI",{v: 0.00, f:'0.00%'},{v: 0.00, f: '0.00%'},93,
"AS58561","REPUBLIKAMEDIAMANDIRI-AS Jl. Warung Buncit Raya No. 37",{v: 0.00, f:'0.00%'},{v: 0.00, f: '0.00%'},92,
"AS38159","JJNET-AS-ID PT Jivan Jaya Makmur Telecom",{v: 0.00, f:'0.00%'},{v: 0.00, f: '0.00%'},92,
"AS134653","IDNIC-UHAMKA-AS-ID Universitas Muhammadiyah Prof. DR. HAMKA",{v: 0.00, f:'0.00%'},{v: 0.00, f: '0.00%'},92,
"AS133825","IDNIC-UNPATTI-AS-ID Universitas Pattimura",{v: 0.00, f:'0.00%'},{v: 0.00, f: '0.00%'},92,
"AS131745","IDNIC-CYBERTECHTONIC-AS-ID PT. Cybertechtonic Pratama",{v: 0.00, f:'0.00%'},{v: 0.00, f: '0.00%'},91,
"AS59148","IDNIC-XPNET-AS-ID PT Xepia Prima",{v: 0.00, f:'0.00%'},{v: 0.00, f: '0.00%'},91,
"AS55654","IDNIC-IAINSURAKARTA-AS-ID IAIN Surakarta",{v: 0.00, f:'0.00%'},{v: 0.00, f: '0.00%'},90,
"AS58392","SWIN-AS-ID PT. Sewiwi Indonesia",{v: 0.00, f:'0.00%'},{v: 0.00, f: '0.00%'},90,
"AS135483","IDNIC-WISESACONSULTING-AS-ID PT. WISESA CONSULTING INDONESIA",{v: 0.00, f:'0.00%'},{v: 0.00, f: '0.00%'},89,
"AS24205","BANKPERMATA-THIS-AS-IDNIC-ID PT. Bank Permata Tbk.",{v: 0.00, f:'0.00%'},{v: 0.00, f: '0.00%'},88,
"AS134633","IDNIC-AHU-AS-ID Direktorat Jenderal Administrasi Hukum Umum",{v: 0.00, f:'0.00%'},{v: 0.00, f: '0.00%'},87,
"AS132658","IDNIC-DISKOMINFOPROVSU-AS-ID Dinas Komunikasi dan Informatika Provinsi Sumatera Utara",{v: 0.00, f:'0.00%'},{v: 0.00, f: '0.00%'},87,
"AS45146","RAJASA-AS-ID-AP PT. Raja Sepadan Abadi",{v: 0.00, f:'0.00%'},{v: 0.00, f: '0.00%'},87,
"AS63876","IDNIC-ISI-AS-ID Institut Seni Indonesia Yogyakarta",{v: 0.00, f:'0.00%'},{v: 0.00, f: '0.00%'},86,
"AS64030","IDNIC-POLINES-AS-ID Politeknik Negeri Semarang",{v: 0.00, f:'0.00%'},{v: 0.00, f: '0.00%'},85,
"AS134639","IDNIC-BABELPROV-AS-ID Pemerintah Provinsi Kepulauan Bangka Belitung",{v: 0.00, f:'0.00%'},{v: 0.00, f: '0.00%'},85,
"AS55661","JATISMOBILE-AS-ID PT Informasi Teknologi Indonesia",{v: 0.00, f:'0.00%'},{v: 0.00, f: '0.00%'},84,
"AS45707","PRIMELINK-AS-ID Prime Link Communication, PT",{v: 0.00, f:'0.00%'},{v: 0.00, f: '0.00%'},83,
"AS56236","BNN-AS-ID Badan Narkotika Nasional",{v: 0.00, f:'0.00%'},{v: 0.00, f: '0.00%'},82,
"AS58819","ARSENETGS-AS-ID PT Arsenet Global Solusi",{v: 0.00, f:'0.00%'},{v: 0.00, f: '0.00%'},82,
"AS133809","ARTORIUS-AS-ID PT. Artorius Telemetri Sentosa",{v: 0.00, f:'0.00%'},{v: 0.00, f: '0.00%'},78,
"AS24519","KUSUMA-AS-ID PT Kusuma Dinatha Jaya Abadi",{v: 0.00, f:'0.00%'},{v: 0.00, f: '0.00%'},77,
"AS133799","GOMEDS-AS-ID PT. GOMEDS NETWORK",{v: 0.00, f:'0.00%'},{v: 0.00, f: '0.00%'},76,
"AS46038","CEPATNET-AS-ID CepatNet",{v: 0.00, f:'0.00%'},{v: 0.00, f: '0.00%'},75,
"AS135453","IDNIC-BPTI-AS-ID BPTI PEMKOT TANGERANG SELATAN",{v: 0.00, f:'0.00%'},{v: 0.00, f: '0.00%'},75,
"AS63514","SSI-AS-ID PT. Sumatra Sistem Integrasi",{v: 0.00, f:'0.00%'},{v: 0.00, f: '0.00%'},74,
"AS131761","IDNIC-INDONESIAPORT-AS-ID PT Pelabuhan Indonesia II",{v: 0.00, f:'0.00%'},{v: 0.00, f: '0.00%'},73,
"AS38522","TELINDONET-ID-AS Telindo Nusantara, PT",{v: 0.00, f:'0.00%'},{v: 0.00, f: '0.00%'},73,
"AS132645","IDNIC-PPNS-AS-ID Politeknik Perkapalan Negeri Surabaya",{v: 0.00, f:'0.00%'},{v: 0.00, f: '0.00%'},73,
"AS63495","SMI-AS-ID PT Satelit Multimedia Indonesia",{v: 0.00, f:'0.00%'},{v: 0.00, f: '0.00%'},73,
"AS131775","IDNIC-JALANET-AS-ID PT. Jupiter Jala Arta",{v: 0.00, f:'0.00%'},{v: 0.00, f: '0.00%'},73,
"AS133831","IDNIC-MAROSKAB-AS-ID Pemerintah Kabupaten Maros",{v: 0.00, f:'0.00%'},{v: 0.00, f: '0.00%'},72,
"AS133832","IDNIC-MERCUBUANAYOGYA-AS-ID Universitas Mercu Buana Yogyakarta",{v: 0.00, f:'0.00%'},{v: 0.00, f: '0.00%'},69,
"AS134659","IDNIC-DISKOMINFODKI-AS-ID Diskominfo DKI Jakarta",{v: 0.00, f:'0.00%'},{v: 0.00, f: '0.00%'},69,
"AS131719","IDNIC-PROVSS-AS-ID Dinas Perhubungan Kominfo Provinsi Sumatera Selatan",{v: 0.00, f:'0.00%'},{v: 0.00, f: '0.00%'},69,
"AS64305","IDNIC-UMPO-AS-ID UNIVERSITAS MUHAMMADIYAH PONOROGO",{v: 0.00, f:'0.00%'},{v: 0.00, f: '0.00%'},68,
"AS58401","DETELNETWORKS-AS-ID PT. DEWATA TELEMATIKA",{v: 0.00, f:'0.00%'},{v: 0.00, f: '0.00%'},68,
"AS46048","TRIMEGAH-AS-ID PT Trimegah Securities Tbk",{v: 0.00, f:'0.00%'},{v: 0.00, f: '0.00%'},68,
"AS58398","INDIKAENERGY-AS-ID PT. Indika Energy Tbk",{v: 0.00, f:'0.00%'},{v: 0.00, f: '0.00%'},68,
"AS132643","IDNIC-KPU-AS-ID Komisi Pemilihan Umum",{v: 0.00, f:'0.00%'},{v: 0.00, f: '0.00%'},68,
"AS63489","IDNIC-BPRTIK-AS-ID Balai Pelatihan Riset TIK BLSDM Kemkominfo",{v: 0.00, f:'0.00%'},{v: 0.00, f: '0.00%'},67,
"AS131713","IDNIC-SPICELINK-AS-ID PT Sano Komunikasi",{v: 0.00, f:'0.00%'},{v: 0.00, f: '0.00%'},67,
"AS56308","TELIN-NET-SG TELEKOMUNIKASI INDONESIA INTERNATIONAL, PTE.LTD",{v: 0.00, f:'0.00%'},{v: 0.00, f: '0.00%'},67,
"AS131721","IDNIC-KALBE-AS-ID PT.KALBE FARMA Tbk",{v: 0.00, f:'0.00%'},{v: 0.00, f: '0.00%'},67,
"AS63491","IDNIC-WIMA-AS-ID Universitas Katolik Widya Mandala",{v: 0.00, f:'0.00%'},{v: 0.00, f: '0.00%'},66,
"AS59133","IDNIC-DAYASITEL-AS-ID PT Daya Sinergi Telekomunikasi",{v: 0.00, f:'0.00%'},{v: 0.00, f: '0.00%'},66,
"AS56259","AGIT-AS-ID PT Astra Graphia Information Technology",{v: 0.00, f:'0.00%'},{v: 0.00, f: '0.00%'},64,
"AS58404","QWORDS-AS-ID PT Qwords Company International",{v: 0.00, f:'0.00%'},{v: 0.00, f: '0.00%'},63,
"AS38274","MEGAXUS-AS-ID-AP PT. Megaxus Infotech",{v: 0.00, f:'0.00%'},{v: 0.00, f: '0.00%'},62,
"AS63881","MDI-AS-ID PT. Medianet Digital Indonesia",{v: 0.00, f:'0.00%'},{v: 0.00, f: '0.00%'},62,
"AS133839","IDNIC-TNGK-AS-ID Dinas Komunikasi dan Informatika Tangerang Kota",{v: 0.00, f:'0.00%'},{v: 0.00, f: '0.00%'},61,
"AS24202","PAKTELNET-AS-ID PT. PASIFIKTEL INDOTAMA",{v: 0.00, f:'0.00%'},{v: 0.00, f: '0.00%'},61,
"AS135484","BEST-AS-ID PT. Bentang Selaras Teknologi",{v: 0.00, f:'0.00%'},{v: 0.00, f: '0.00%'},61,
"AS38516","INFOKOMNAP-AS-ID Infokom Elektrindo, PT.",{v: 0.00, f:'0.00%'},{v: 0.00, f: '0.00%'},60,
"AS135441","IDNIC-FASAPAY-AS-ID PT. FASA CENTRA ARTAJAYA",{v: 0.00, f:'0.00%'},{v: 0.00, f: '0.00%'},60,
"AS63497","ARANANETWORK-AS-ID PT. Arana Teknologi Indonesia",{v: 0.00, f:'0.00%'},{v: 0.00, f: '0.00%'},57,
"AS63884","IDNIC-STAINKUDUS-AS-ID Sekolah Tinggi Agama Islam Negeri (STAIN) Kudus",{v: 0.00, f:'0.00%'},{v: 0.00, f: '0.00%'},57,
"AS135636","RLAP-AS-AP Rackh Lintas Asia, pt",{v: 0.00, f:'0.00%'},{v: 0.00, f: '0.00%'},56,
"AS134630","PALAPANET-AS-ID PT Palapa Global Nusantara",{v: 0.00, f:'0.00%'},{v: 0.00, f: '0.00%'},54,
"AS45699","JDN-AS-ID Jogja Digital, PT",{v: 0.00, f:'0.00%'},{v: 0.00, f: '0.00%'},54,
"AS46059","UM-AS-ID Universitas Negeri Malang",{v: 0.00, f:'0.00%'},{v: 0.00, f: '0.00%'},53,
"AS63877","IDNIC-UNIVERSALKENDARI-AS-ID PT Universal Internet Service",{v: 0.00, f:'0.00%'},{v: 0.00, f: '0.00%'},52,
"AS38507","MITRATECHNET-AS-ID PT. Mitra Internet Tech",{v: 0.00, f:'0.00%'},{v: 0.00, f: '0.00%'},49,
"AS31863","DACEN-2 - Centrilogic, Inc.",{v: 0.00, f:'0.00%'},{v: 0.00, f: '0.00%'},49,
"AS132664","IDNIC-PTMCM-AS-ID PT. Merah Cipta Media",{v: 0.00, f:'0.00%'},{v: 0.00, f: '0.00%'},48,
"AS133329","",{v: 0.00, f:'0.00%'},{v: 0.00, f: '0.00%'},48,
"AS133822","IDNIC-KAI-AS-ID PT Kereta Api Indonesia (Persero)",{v: 0.00, f:'0.00%'},{v: 0.00, f: '0.00%'},48,
"AS132661","IDNIC-BAWASLU-AS-ID Badan Pengawas Pemilu",{v: 0.00, f:'0.00%'},{v: 0.00, f: '0.00%'},48,
"AS59279","IDNIC-RMI-AS-ID PT Raja Mitra Informatika",{v: 0.00, f:'0.00%'},{v: 0.00, f: '0.00%'},47,
"AS59142","IDNIC-BATAMKOTA-AS-ID Pemerintah Kota Batam",{v: 0.00, f:'0.00%'},{v: 0.00, f: '0.00%'},44,
"AS58476","DJP-AS-ID DIREKTORAT JENDERAL PAJAK",{v: 0.00, f:'0.00%'},{v: 0.00, f: '0.00%'},44,
"AS55682","FIBERMEDIA-AS-ID PT. Fiber Media Indonesia",{v: 0.00, f:'0.00%'},{v: 0.00, f: '0.00%'},44,
"AS136057","IDNIC-PLATINUMCYBER-AS-ID PT.PLATINUM CITRA INDONESIA",{v: 0.00, f:'0.00%'},{v: 0.00, f: '0.00%'},44,
"AS63503","IDNIC-NADYNE-AS-ID PT. Nadyne Media Tama",{v: 0.00, f:'0.00%'},{v: 0.00, f: '0.00%'},43,
"AS63862","IDNIC-ID Indonesia Network Information Center",{v: 0.00, f:'0.00%'},{v: 0.00, f: '0.00%'},43,
"AS63513","IDNIC-GG-ID PT Gudang Garam Tbk",{v: 0.00, f:'0.00%'},{v: 0.00, f: '0.00%'},43,
"AS134634","IDNIC-SALATIGA-AS-ID Sekretariat Daerah Kota Salatiga",{v: 0.00, f:'0.00%'},{v: 0.00, f: '0.00%'},42,
"AS50896","AS-REGION40",{v: 0.00, f:'0.00%'},{v: 0.00, f: '0.00%'},42,
"AS56248","INDAHKIATPP-AS-ID PT INDAH KIAT PULP  PAPER Tbk",{v: 0.00, f:'0.00%'},{v: 0.00, f: '0.00%'},41,
"AS38498","BIZNET-BII-AS-ID 203.31.164.023",{v: 0.00, f:'0.00%'},{v: 0.00, f: '0.00%'},41,
"AS131778","DINUSTECH-AS-ID PT Dian Nuswantoro Teknologi",{v: 0.00, f:'0.00%'},{v: 0.00, f: '0.00%'},41,
"AS63516","TRANSIX-AS-NET Transhybrid Internet Xchange",{v: 0.00, f:'0.00%'},{v: 0.00, f: '0.00%'},40,
"AS134661","IDNIC-SIF-AS-ID SHINHAN INDO FINANCE",{v: 0.00, f:'0.00%'},{v: 0.00, f: '0.00%'},40,
"AS18112","KSNET-ID-AS-AP PT. Sejuta Jaring Global",{v: 0.00, f:'0.00%'},{v: 0.00, f: '0.00%'},39,
"AS58396","DETELNETWORKS-AS-ID PT. DEWATA TELEMATIKA",{v: 0.00, f:'0.00%'},{v: 0.00, f: '0.00%'},39,
"AS38521","PISHON-AS-ID Pishon Wireless Teknologi, PT",{v: 0.00, f:'0.00%'},{v: 0.00, f: '0.00%'},38,
"AS133805","IDNIC-POLMAN-AS-ID Politeknik Manufaktur Negeri Bandung",{v: 0.00, f:'0.00%'},{v: 0.00, f: '0.00%'},36,
"AS45319","UBHARA-AS-ID Universitas Bhayangkara",{v: 0.00, f:'0.00%'},{v: 0.00, f: '0.00%'},36,
"AS64029","RWN-AS-ID PT. RAMA WIMA NUSANTARA",{v: 0.00, f:'0.00%'},{v: 0.00, f: '0.00%'},35,
"AS55662","IDNIC-CITRAWEB-AS-ID CV. CITRAWEB NUSA INFOMEDIA",{v: 0.00, f:'0.00%'},{v: 0.00, f: '0.00%'},34,
"AS133824","IDNIC-UINMKS-AS-ID Universitas Islam Negeri Alauddin Makasar",{v: 0.00, f:'0.00%'},{v: 0.00, f: '0.00%'},34,
"AS135479","IDNIC-XIRKA-AS-ID PT. XIRKA DAMA PERSADA",{v: 0.00, f:'0.00%'},{v: 0.00, f: '0.00%'},34,
"AS63869","MERAHPUTIH-AS-ID PT MERAH PUTIH TELEMATIKA",{v: 0.00, f:'0.00%'},{v: 0.00, f: '0.00%'},33,
"AS134628","IDNIC-BIOS-AS-ID PT Bina Informasi Optima Solusindo",{v: 0.00, f:'0.00%'},{v: 0.00, f: '0.00%'},33,
"AS133842","IDNIC-BNILIFE-AS-ID PT BNI Life Insurance",{v: 0.00, f:'0.00%'},{v: 0.00, f: '0.00%'},32,
"AS46058","LINKS-AS-ID PT. Triwahana Gemasakti",{v: 0.00, f:'0.00%'},{v: 0.00, f: '0.00%'},32,
"AS133800","IDNIC-BIZNETCLOUDBLOCK-AS-ID PT Biznet Data Center",{v: 0.00, f:'0.00%'},{v: 0.00, f: '0.00%'},31,
"AS18052","ASIAKOMNET-ID-AP Asiakomnet Multimedia, PT",{v: 0.00, f:'0.00%'},{v: 0.00, f: '0.00%'},31,
"AS131739","MENPAN-AS-ID Kementerian Pendayagunaan Aparatur Negara dan Reformasi Birokrasi",{v: 0.00, f:'0.00%'},{v: 0.00, f: '0.00%'},29,
"AS17725","PHEONWJ-AS-ID Pertamina Hulu Energi ONWJ",{v: 0.00, f:'0.00%'},{v: 0.00, f: '0.00%'},29,
"AS45711","IMEDIABIZ-AS-ID Imediabiz Indonesia",{v: 0.00, f:'0.00%'},{v: 0.00, f: '0.00%'},28,
"AS59132","IDNIC-BI-AS-ID Bank Indonesia",{v: 0.00, f:'0.00%'},{v: 0.00, f: '0.00%'},27,
"AS17769","CITYNET-AP PT Indopratama Teleglobal (ISP)Wisma BSG Floor 6",{v: 0.00, f:'0.00%'},{v: 0.00, f: '0.00%'},27,
"AS38149","RATELINDONET-AS-ID PT. Bakrie Telecom",{v: 0.00, f:'0.00%'},{v: 0.00, f: '0.00%'},26,
"AS135442","IDNIC-ASDPINDONESIAFERRY-AS-ID PT. ASDP INDONESIAFERRY (PERSERO)",{v: 0.00, f:'0.00%'},{v: 0.00, f: '0.00%'},26,
"AS18007","INHERENT-AS-ID-AP INHERENT",{v: 0.00, f:'0.00%'},{v: 0.00, f: '0.00%'},26,
"AS24529","INFOTAMA-AS-ID PT. Infotama Lintas Global",{v: 0.00, f:'0.00%'},{v: 0.00, f: '0.00%'},26,
"AS45724","MULTIMEDIA-AS-ID Multi Media Access, PT",{v: 0.00, f:'0.00%'},{v: 0.00, f: '0.00%'},25,
"AS38567","REKIND-AS-ID-AP PT. Rekayasa Industri",{v: 0.00, f:'0.00%'},{v: 0.00, f: '0.00%'},25,
"AS38501","WAVENET-AS-ID PT Solusi Lintas Data",{v: 0.00, f:'0.00%'},{v: 0.00, f: '0.00%'},25,
"AS46062","LINTASBUANA-AS-ID PT. BUANA LINTAS MEDIA",{v: 0.00, f:'0.00%'},{v: 0.00, f: '0.00%'},24,
"AS64316","IDNIC-RADENFATAH-AS-ID Universitas Islam Negeri Raden Fatah Palembang",{v: 0.00, f:'0.00%'},{v: 0.00, f: '0.00%'},24,
"AS9462","BOLEH-NET-AP BOLEHNET-ASN",{v: 0.00, f:'0.00%'},{v: 0.00, f: '0.00%'},23,
"AS131738","IDNIC-GOLDENIT-AS-ID Golden IT",{v: 0.00, f:'0.00%'},{v: 0.00, f: '0.00%'},22,
"AS134614","IDNIC-UNHAS-AS-ID Universitas Hasanuddin",{v: 0.00, f:'0.00%'},{v: 0.00, f: '0.00%'},22,
"AS135469","IDNIC-PEMPROVGTLO-AS-ID Dinas Komunikasi, Informatika dan Statistik Provinsi Gorontalo",{v: 0.00, f:'0.00%'},{v: 0.00, f: '0.00%'},21,
"AS63858","MCOIN-AS-ID PT Mobile Coin Asia",{v: 0.00, f:'0.00%'},{v: 0.00, f: '0.00%'},21,
"AS63509","IDNIC-MMP-ID PT Matra Mandiri Prima",{v: 0.00, f:'0.00%'},{v: 0.00, f: '0.00%'},21,
"AS38756","BKU-AS-ID PT Bintang Komunikasi Utama",{v: 0.00, f:'0.00%'},{v: 0.00, f: '0.00%'},21,
"AS58397","INFINYS-AS-ID PT Infinys System Indonesia",{v: 0.00, f:'0.00%'},{v: 0.00, f: '0.00%'},20,
"AS55691","UMN-AS-ID Universitas Multimedia Nusantara",{v: 0.00, f:'0.00%'},{v: 0.00, f: '0.00%'},19,
"AS133812","IDNIC-LCMNETWORKS-ID LCM NETWORKS",{v: 0.00, f:'0.00%'},{v: 0.00, f: '0.00%'},18,
"AS45286","EDIINDONESIA-AS-ID PT EDI INDONESIA",{v: 0.00, f:'0.00%'},{v: 0.00, f: '0.00%'},18,
"AS58402","IDNIC-ID Indonesia Network Information Center",{v: 0.00, f:'0.00%'},{v: 0.00, f: '0.00%'},18,
"AS136094","",{v: 0.00, f:'0.00%'},{v: 0.00, f: '0.00%'},17,
"AS135487","IDNIC-YAYASANTARUMANAGARA-AS-ID UNTAR - YAYASAN TARUMANAGARA",{v: 0.00, f:'0.00%'},{v: 0.00, f: '0.00%'},17,
"AS38775","IDSIRTII-AS-ID Indonesia SIRT",{v: 0.00, f:'0.00%'},{v: 0.00, f: '0.00%'},16,
"AS17450","ANGKASA-KOMUNIKASI-ID PT Angkasa Komunikasi Global Utama",{v: 0.00, f:'0.00%'},{v: 0.00, f: '0.00%'},16,
"AS132653","B-LINK-AS-ID PT Transdata Sejahtera",{v: 0.00, f:'0.00%'},{v: 0.00, f: '0.00%'},16,
"AS133337","IDNIC-MSS-AS-ID PT Menara Sinar Semesta",{v: 0.00, f:'0.00%'},{v: 0.00, f: '0.00%'},16,
"AS134656","IDNIC-CJI-AS-ID PT Cheil Jedang Indonesia",{v: 0.00, f:'0.00%'},{v: 0.00, f: '0.00%'},15,
"AS38494","BBGISA-AS-ID-AP PT. Bakrie  Brothers, Tbk",{v: 0.00, f:'0.00%'},{v: 0.00, f: '0.00%'},15,
"AS134648","TIDAR-AS-ID PT Tidar Lintas Nusa",{v: 0.00, f:'0.00%'},{v: 0.00, f: '0.00%'},15,
"AS131748","IDNIC-BGP-AS-ID PT. Baswara Gema Persada",{v: 0.00, f:'0.00%'},{v: 0.00, f: '0.00%'},15,
"AS38147","INOVANET-AS-ID PT. Inova Duapuluh Duapuluh",{v: 0.00, f:'0.00%'},{v: 0.00, f: '0.00%'},14,
"AS135451","IDNIC-MASNETWORK-AS-ID PT Media Alvina Sejati",{v: 0.00, f:'0.00%'},{v: 0.00, f: '0.00%'},14,
"AS46035","TRIKOMSEL-AS-ID PT Trikomsel Oke Tbk",{v: 0.00, f:'0.00%'},{v: 0.00, f: '0.00%'},14,
"AS38784","ORBICOMNET-AS-ID PT. Global Inti Corporatama",{v: 0.00, f:'0.00%'},{v: 0.00, f: '0.00%'},14,
"AS38504","ALUCIONET-AS-ID PT ALUCIO NET",{v: 0.00, f:'0.00%'},{v: 0.00, f: '0.00%'},13,
"AS58961","OPENIP-AS Perhimpunan Klik Indonesia",{v: 0.00, f:'0.00%'},{v: 0.00, f: '0.00%'},13,
"AS135465","BITECH-AS-ID PT BINA TECHINDO SOLUTION",{v: 0.00, f:'0.00%'},{v: 0.00, f: '0.00%'},13,
"AS131730","IDNIC-SATKOMINDO-AS-ID PT. SATKOMINDO MEDIYASA",{v: 0.00, f:'0.00%'},{v: 0.00, f: '0.00%'},12,
"AS131694","IDNIC-JABIKHA-AS-ID PT Jabikha Teknologi Indonesia",{v: 0.00, f:'0.00%'},{v: 0.00, f: '0.00%'},12,
"AS59157","IDNIC-STKS-AS-ID Sekolah Tinggi Kesejahteraan Sosial",{v: 0.00, f:'0.00%'},{v: 0.00, f: '0.00%'},12,
"AS58485","WIFIAN-AS-ID Wifian Solution PT.",{v: 0.00, f:'0.00%'},{v: 0.00, f: '0.00%'},12,
"AS133802","IDNIC-UNPAS-AS-ID Universitas Pasundan Bandung",{v: 0.00, f:'0.00%'},{v: 0.00, f: '0.00%'},12,
"AS63494","INNOVATION-AS-ID PT Inovasi Jaringan Nusantara",{v: 0.00, f:'0.00%'},{v: 0.00, f: '0.00%'},11,
"AS135474","FIZNET-AS-ID PT Hafiz Jaya Infotama",{v: 0.00, f:'0.00%'},{v: 0.00, f: '0.00%'},11,
"AS132639","IDNIC-ILCS-AS-ID PT Integrasi Logistik Cipta Solusi",{v: 0.00, f:'0.00%'},{v: 0.00, f: '0.00%'},11,
"AS131716","IDNIC-BDS-AS-ID PT. Bens Data Solusi",{v: 0.00, f:'0.00%'},{v: 0.00, f: '0.00%'},11,
"AS55694","UCS-AS-ID Universitas Ciputra",{v: 0.00, f:'0.00%'},{v: 0.00, f: '0.00%'},10,
"AS133835","IDNIC-XOFAST-AS-ID CV Xtra Prosolusindo",{v: 0.00, f:'0.00%'},{v: 0.00, f: '0.00%'},10,
"AS56088","PANDI-ID PANDI - Pengelola Nama Domain Internet Indonesia",{v: 0.00, f:'0.00%'},{v: 0.00, f: '0.00%'},10,
"AS23946","TOPNET-AS-ID PT Dunia Informasi Teknologi (TOPNET)",{v: 0.00, f:'0.00%'},{v: 0.00, f: '0.00%'},10,
"AS46025","CBN-GLOBAL-AS-ID PT. Cyberindo Aditama",{v: 0.00, f:'0.00%'},{v: 0.00, f: '0.00%'},10,
"AS64078","STARFRAMEWORKCO FLATRM 101A 1F",{v: 0.00, f:'0.00%'},{v: 0.00, f: '0.00%'},10,
"AS131784","IDNIC-SDPPI-SPEKTRUM-AS-ID Sumber Daya Dan Perangkat Pos Dan Informatika SIMS",{v: 0.00, f:'0.00%'},{v: 0.00, f: '0.00%'},9,
"AS45735","UNINET-NAP-AS-ID PT. UNINET MEDIA SAKTI",{v: 0.00, f:'0.00%'},{v: 0.00, f: '0.00%'},9,
"AS132670","IDNIC-DAGADU-AS-ID PT Aseli Dagadu Djokdja",{v: 0.00, f:'0.00%'},{v: 0.00, f: '0.00%'},9,
"AS23698","VIPNET-AS-ID VIP.NET - Internet Service Provider",{v: 0.00, f:'0.00%'},{v: 0.00, f: '0.00%'},9,
"AS133847","ICT-AS-AP Anpple Tech Enterprise",{v: 0.00, f:'0.00%'},{v: 0.00, f: '0.00%'},8,
"AS18379","CSMNAP-AS-AP CSMNAP-ASN",{v: 0.00, f:'0.00%'},{v: 0.00, f: '0.00%'},8,
"AS55696","SCOM-AS-ID Starcom Solusindo PT.",{v: 0.00, f:'0.00%'},{v: 0.00, f: '0.00%'},8,
"AS59272","IDNIC-LST-AS-ID PT Lawang Sewu Teknologi",{v: 0.00, f:'0.00%'},{v: 0.00, f: '0.00%'},8,
"AS134613","IDNIC-KUONI-AS-ID PT GTA Indonesia",{v: 0.00, f:'0.00%'},{v: 0.00, f: '0.00%'},7,
"AS131758","NINGNET-AS-ID PT. Bali Ning",{v: 0.00, f:'0.00%'},{v: 0.00, f: '0.00%'},7,
"AS136079","IDNIC-AMIKOM-AS-ID STMIK Amikom Yogyakarta",{v: 0.00, f:'0.00%'},{v: 0.00, f: '0.00%'},7,
"AS131737","IDNIC-JICT-AS-ID PT Jakarta International Container Terminal",{v: 0.00, f:'0.00%'},{v: 0.00, f: '0.00%'},6,
"AS45770","SBY-EPROC-AS-ID Bagian Administrasi Pembangunan - Pemerintah Kota Surabaya",{v: 0.00, f:'0.00%'},{v: 0.00, f: '0.00%'},6,
"AS131783","IDNIC-INDOMARET-AS-ID PT. Indomarco Prismatama",{v: 0.00, f:'0.00%'},{v: 0.00, f: '0.00%'},6,
"AS45291","SURF-ID PT Surfindo Network",{v: 0.00, f:'0.00%'},{v: 0.00, f: '0.00%'},6,
"AS55688","BEON-AS-ID PT. Beon Intermedia",{v: 0.00, f:'0.00%'},{v: 0.00, f: '0.00%'},6,
"AS63488","IDNIC-TOTALTEKNO-AS-ID PT Total Trimitra Teknologi",{v: 0.00, f:'0.00%'},{v: 0.00, f: '0.00%'},6,
"AS64298","IDNIC-UPNSBY-AS-ID UPN Veteran Surabaya",{v: 0.00, f:'0.00%'},{v: 0.00, f: '0.00%'},5,
"AS134641","IDNIC-MAGETANKAB-AS-ID PEMERINTAH KABUPATEN MAGETAN",{v: 0.00, f:'0.00%'},{v: 0.00, f: '0.00%'},5,
"AS58731","TELINTLSA-AS Telekomunikasi Indonesia International (T.L.) S.A.",{v: 0.00, f:'0.00%'},{v: 0.00, f: '0.00%'},5,
"AS133735","MCKINSEY-AS-SG McKinsey  Company",{v: 0.00, f:'0.00%'},{v: 0.00, f: '0.00%'},5,
"AS133834","IDNIC-ICBC-AS-ID Bank ICBC Indonesia",{v: 0.00, f:'0.00%'},{v: 0.00, f: '0.00%'},5,
"AS58503","PUSATMEDIA-AS-ID PT Pusat Media Indonesia",{v: 0.00, f:'0.00%'},{v: 0.00, f: '0.00%'},5,
"AS132634","IDNIC-EGOV-AS-ID Direktorat E-Goverment Kementerian KOMINFO",{v: 0.00, f:'0.00%'},{v: 0.00, f: '0.00%'},5,
"AS133339","CLOUDEXCHANGE-AS-ID DEWATA TELEMATIKA PT.",{v: 0.00, f:'0.00%'},{v: 0.00, f: '0.00%'},5,
"AS64310","IDNIC-TIRTARAHARJA-AS-ID PDAM TIRTA RAHARJA",{v: 0.00, f:'0.00%'},{v: 0.00, f: '0.00%'},5,
"AS135459","GDSNETWORK-AS-ID PT.GLOBALRIAU DATA SOLUSI",{v: 0.00, f:'0.00%'},{v: 0.00, f: '0.00%'},4,
"AS134652","IDNIC-PPM-AS-ID PPM Manajemen",{v: 0.00, f:'0.00%'},{v: 0.00, f: '0.00%'},4,
"AS58480","CIMBNIAGA-AS-ID PT Bank CIMB Niaga Tbk",{v: 0.00, f:'0.00%'},{v: 0.00, f: '0.00%'},4,
"AS132164","KASKUSNETWORKS-AS PT Darta Media Indonesia",{v: 0.00, f:'0.00%'},{v: 0.00, f: '0.00%'},4,
"AS46030","JASTRINDONET-AS-ID PT Jastrindo Dinamika",{v: 0.00, f:'0.00%'},{v: 0.00, f: '0.00%'},4,
"AS55667","IPTELECOM-AS-ID PT IP Telecom Multimedia Indonesia",{v: 0.00, f:'0.00%'},{v: 0.00, f: '0.00%'},4,
"AS135035","ODT-AS-AP PT. Orion Data Teknologi",{v: 0.00, f:'0.00%'},{v: 0.00, f: '0.00%'},4,
"AS38211","MCM-AS-ID PT. Mandiri Citra Makmur",{v: 0.00, f:'0.00%'},{v: 0.00, f: '0.00%'},4,
"AS38523","IDNIC-ID Indonesia Network Information Center",{v: 0.00, f:'0.00%'},{v: 0.00, f: '0.00%'},4,
"AS58463","PGASCOM-AS-AP PT.PGAS TELEKOMUNIKASI NUSANTARA",{v: 0.00, f:'0.00%'},{v: 0.00, f: '0.00%'},3,
"AS134622","EKADATA-AS-ID Ekadata Internet Service Provider",{v: 0.00, f:'0.00%'},{v: 0.00, f: '0.00%'},3,
"AS59138","IDNIC-UNISBANK-AS-ID Universitas STIKUBANK",{v: 0.00, f:'0.00%'},{v: 0.00, f: '0.00%'},3,
"AS24199","DNK-AS-ID Dini Nusa Kusuma, P.T.",{v: 0.00, f:'0.00%'},{v: 0.00, f: '0.00%'},3,
"AS24534","TRANSHYBRID-AS-ID PT. Transhybrid Communication",{v: 0.00, f:'0.00%'},{v: 0.00, f: '0.00%'},3,
"AS132672","SAHABATNET-AS-ID PT. Sahabat Prima Karya",{v: 0.00, f:'0.00%'},{v: 0.00, f: '0.00%'},3,
"AS131732","COGINDO-AS-ID PT. COGINDO DAYABERSAMA",{v: 0.00, f:'0.00%'},{v: 0.00, f: '0.00%'},3,
"AS135454","IDNIC-AXATECH-AS-ID AXA Tech Indonesia",{v: 0.00, f:'0.00%'},{v: 0.00, f: '0.00%'},3,
"AS63860","IDNIC-VIPERNETWORK-AS-ID PT Vitya Persada Informatika",{v: 0.00, f:'0.00%'},{v: 0.00, f: '0.00%'},3,
"AS45733","CIFOR-AS-ID Center For International Forestry Research(CIFOR)",{v: 0.00, f:'0.00%'},{v: 0.00, f: '0.00%'},2,
"AS56261","BTIP-AS-ID Balai Telekomunikasi dan Informatika Perdesaan",{v: 0.00, f:'0.00%'},{v: 0.00, f: '0.00%'},2,
"AS38535","M2AKSES-AS-AP P.T. Mega Media Aksesindo",{v: 0.00, f:'0.00%'},{v: 0.00, f: '0.00%'},2,
"AS135440","IDNIC-PELINDO4-AS-ID PELABUHAN INDONESIA IV",{v: 0.00, f:'0.00%'},{v: 0.00, f: '0.00%'},2,
"AS133348","IDNIC-CNOOC-AS-ID CNOOC SES LTD.",{v: 0.00, f:'0.00%'},{v: 0.00, f: '0.00%'},2,
"AS4833","GAHARU-AS-ID PT. Gaharu Sejahtera",{v: 0.00, f:'0.00%'},{v: 0.00, f: '0.00%'},2,
"AS136077","IDNIC-UNSRAT-AS-ID Universitas Islam Negeri Mataram",{v: 0.00, f:'0.00%'},{v: 0.00, f: '0.00%'},2,
"AS55664","IDNIC-SERVERKEREN-AS-ID PT Exa Rekatek Prosolusi",{v: 0.00, f:'0.00%'},{v: 0.00, f: '0.00%'},2,
"AS133804","IDNIC-FIC-AS-ID PT FANGBIAN ISKAN CORPORINDO",{v: 0.00, f:'0.00%'},{v: 0.00, f: '0.00%'},2,
"AS38152","NEXXG-NET PT Antar Mitra Prakarsa",{v: 0.00, f:'0.00%'},{v: 0.00, f: '0.00%'},2,
"AS58390","FUS-AS-ID PT. Faasri Utama Sakti",{v: 0.00, f:'0.00%'},{v: 0.00, f: '0.00%'},2,
"AS58820","IDNIC-PTAMI-AS-ID PT Apik Media Inovasi",{v: 0.00, f:'0.00%'},{v: 0.00, f: '0.00%'},2,
"AS65505","-Private Use AS-",{v: 0.00, f:'0.00%'},{v: 0.00, f: '0.00%'},2,
"AS136060","IDNIC-DISINFOLAHTAL-AS-ID Dinas Informasi dan Pengolahan Data TNI AL (DISINFOLAHTAL)",{v: 0.00, f:'0.00%'},{v: 0.00, f: '0.00%'},2,
"AS3","MIT-GATEWAYS - Massachusetts Institute of Technology",{v: 0.00, f:'0.00%'},{v: 0.00, f: '0.00%'},1,
"AS136078","FOXLINE-AS-ID PT. FOXLINE MEDIADATA INDONUSA",{v: 0.00, f:'0.00%'},{v: 0.00, f: '0.00%'},1,
"AS16276","OVH",{v: 0.00, f:'0.00%'},{v: 0.00, f: '0.00%'},1,
"AS136059","IDNIC-UNDANA-AS-ID Universitas Nusa Cendana",{v: 0.00, f:'0.00%'},{v: 0.00, f: '0.00%'},1,
"AS23952","THAMRINNET-ISP-ID Internet Service provider PT.",{v: 0.00, f:'0.00%'},{v: 0.00, f: '0.00%'},1,
"AS18705","RIMBLACKBERRY - BlackBerry Limited",{v: 0.00, f:'0.00%'},{v: 0.00, f: '0.00%'},1,
"AS46043","IDNIC-ID Indonesia Network Information Center",{v: 0.00, f:'0.00%'},{v: 0.00, f: '0.00%'},1,
"AS46055","ROKA-AS-ID PT ROKA LANE ASIA",{v: 0.00, f:'0.00%'},{v: 0.00, f: '0.00%'},1,
"AS131754","IDNIC-UNMUL-AS-ID Universitas Mulawarman",{v: 0.00, f:'0.00%'},{v: 0.00, f: '0.00%'},1,
"AS64314","IDNIC-INTEGRASI-AS-ID PT. INTEGRASI NETWORK PERKASA",{v: 0.00, f:'0.00%'},{v: 0.00, f: '0.00%'},1,
"AS135477","JAVADIGITAL-AS-ID PT. Java Digital Nusantara",{v: 0.00, f:'0.00%'},{v: 0.00, f: '0.00%'},1,
"AS132644","IDNIC-CBNCLOUD-AS-ID PT. Cyberindo Mega Persada",{v: 0.00, f:'0.00%'},{v: 0.00, f: '0.00%'},1,
"AS45696","PPATK-AS-ID Pusat Pelaporan dan Analisis Transaksi Keuangan",{v: 0.00, f:'0.00%'},{v: 0.00, f: '0.00%'},1,
"AS59288","IDNIC-NETSENTRA-AS-ID PT Net Sentra Cyberindo",{v: 0.00, f:'0.00%'},{v: 0.00, f: '0.00%'},1,
"AS38767","IDNIC-AMSCLOUD-AS-ID PT Awan Media Semesta",{v: 0.00, f:'0.00%'},{v: 0.00, f: '0.00%'},1,
"AS136056","IDNIC-KALBENUTRITIONALS-AS-ID PT. Sanghiang Perkasa",{v: 0.00, f:'0.00%'},{v: 0.00, f: '0.00%'},1,
"AS132646","IDNIC-HANZA-AS-ID PT Hanza Telecom",{v: 0.00, f:'0.00%'},{v: 0.00, f: '0.00%'},1,
"AS136084","IDNIC-MAKMURSUPRANUSANTARA-AS-ID PT. MAKMUR SUPRA NUSANTARA",{v: 0.00, f:'0.00%'},{v: 0.00, f: '0.00%'},1,
"AS56260","PASCAL-AS-ID PT Pascal Indonesia",{v: 0.00, f:'0.00%'},{v: 0.00, f: '0.00%'},1,
"AS59134","IDNIC-DATACOMM-AS-ID PT. Datacomm Diangraha",{v: 0.00, f:'0.00%'},{v: 0.00, f: '0.00%'},1,
"AS136073","IDNIC-LKPP-AS-ID Lembaga Kebijakan Pengadaan BarangJasa Pemerintah",{v: 0.00, f:'0.00%'},{v: 0.00, f: '0.00%'},1,
"AS23651","IDNIC-AS-ID Indonesia Network Information Center",{v: 0.00, f:'0.00%'},{v: 0.00, f: '0.00%'},1,
"AS3","MIT-GATEWAYS - Massachusetts Institute of Technology","","",1,
"AS4833","GAHARU-AS-ID PT. Gaharu Sejahtera","","",2,
"AS9462","BOLEH-NET-AP BOLEHNET-ASN","","",23,
"AS16276","OVH","","",1,
"AS17450","ANGKASA-KOMUNIKASI-ID PT Angkasa Komunikasi Global Utama","","",16,
"AS17725","PHEONWJ-AS-ID Pertamina Hulu Energi ONWJ","","",29,
"AS17769","CITYNET-AP PT Indopratama Teleglobal (ISP)Wisma BSG Floor 6","","",27,
"AS18007","INHERENT-AS-ID-AP INHERENT","","",26,
"AS18052","ASIAKOMNET-ID-AP Asiakomnet Multimedia, PT","","",31,
"AS18112","KSNET-ID-AS-AP PT. Sejuta Jaring Global","","",39,
"AS18379","CSMNAP-AS-AP CSMNAP-ASN","","",8,
"AS18705","RIMBLACKBERRY - BlackBerry Limited","","",1,
"AS23651","IDNIC-AS-ID Indonesia Network Information Center","","",1,
"AS23698","VIPNET-AS-ID VIP.NET - Internet Service Provider","","",9,
"AS23946","TOPNET-AS-ID PT Dunia Informasi Teknologi (TOPNET)","","",10,
"AS23952","THAMRINNET-ISP-ID Internet Service provider PT.","","",1,
"AS24199","DNK-AS-ID Dini Nusa Kusuma, P.T.","","",3,
"AS24529","INFOTAMA-AS-ID PT. Infotama Lintas Global","","",26,
"AS24534","TRANSHYBRID-AS-ID PT. Transhybrid Communication","","",3,
"AS31863","DACEN-2 - Centrilogic, Inc.","","",49,
"AS38147","INOVANET-AS-ID PT. Inova Duapuluh Duapuluh","","",14,
"AS38149","RATELINDONET-AS-ID PT. Bakrie Telecom","","",26,
"AS38152","NEXXG-NET PT Antar Mitra Prakarsa","","",2,
"AS38211","MCM-AS-ID PT. Mandiri Citra Makmur","","",4,
"AS38494","BBGISA-AS-ID-AP PT. Bakrie  Brothers, Tbk","","",15,
"AS38498","BIZNET-BII-AS-ID 203.31.164.023","","",41,
"AS38501","WAVENET-AS-ID PT Solusi Lintas Data","","",25,
"AS38504","ALUCIONET-AS-ID PT ALUCIO NET","","",13,
"AS38507","MITRATECHNET-AS-ID PT. Mitra Internet Tech","","",49,
"AS38521","PISHON-AS-ID Pishon Wireless Teknologi, PT","","",38,
"AS38523","IDNIC-ID Indonesia Network Information Center","","",4,
"AS38535","M2AKSES-AS-AP P.T. Mega Media Aksesindo","","",2,
"AS38567","REKIND-AS-ID-AP PT. Rekayasa Industri","","",25,
"AS38756","BKU-AS-ID PT Bintang Komunikasi Utama","","",21,
"AS38767","IDNIC-AMSCLOUD-AS-ID PT Awan Media Semesta","","",1,
"AS38775","IDSIRTII-AS-ID Indonesia SIRT","","",16,
"AS38784","ORBICOMNET-AS-ID PT. Global Inti Corporatama","","",14,
"AS45286","EDIINDONESIA-AS-ID PT EDI INDONESIA","","",18,
"AS45291","SURF-ID PT Surfindo Network","","",6,
"AS45319","UBHARA-AS-ID Universitas Bhayangkara","","",36,
"AS45696","PPATK-AS-ID Pusat Pelaporan dan Analisis Transaksi Keuangan","","",1,
"AS45711","IMEDIABIZ-AS-ID Imediabiz Indonesia","","",28,
"AS45724","MULTIMEDIA-AS-ID Multi Media Access, PT","","",25,
"AS45733","CIFOR-AS-ID Center For International Forestry Research(CIFOR)","","",2,
"AS45735","UNINET-NAP-AS-ID PT. UNINET MEDIA SAKTI","","",9,
"AS45770","SBY-EPROC-AS-ID Bagian Administrasi Pembangunan - Pemerintah Kota Surabaya","","",6,
"AS46025","CBN-GLOBAL-AS-ID PT. Cyberindo Aditama","","",10,
"AS46030","JASTRINDONET-AS-ID PT Jastrindo Dinamika","","",4,
"AS46035","TRIKOMSEL-AS-ID PT Trikomsel Oke Tbk","","",14,
"AS46043","IDNIC-ID Indonesia Network Information Center","","",1,
"AS46055","ROKA-AS-ID PT ROKA LANE ASIA","","",1,
"AS46058","LINKS-AS-ID PT. Triwahana Gemasakti","","",32,
"AS46062","LINTASBUANA-AS-ID PT. BUANA LINTAS MEDIA","","",24,
"AS50896","AS-REGION40","","",42,
"AS55662","IDNIC-CITRAWEB-AS-ID CV. CITRAWEB NUSA INFOMEDIA","","",34,
"AS55664","IDNIC-SERVERKEREN-AS-ID PT Exa Rekatek Prosolusi","","",2,
"AS55667","IPTELECOM-AS-ID PT IP Telecom Multimedia Indonesia","","",4,
"AS55682","FIBERMEDIA-AS-ID PT. Fiber Media Indonesia","","",44,
"AS55688","BEON-AS-ID PT. Beon Intermedia","","",6,
"AS55691","UMN-AS-ID Universitas Multimedia Nusantara","","",19,
"AS55694","UCS-AS-ID Universitas Ciputra","","",10,
"AS55696","SCOM-AS-ID Starcom Solusindo PT.","","",8,
"AS56088","PANDI-ID PANDI - Pengelola Nama Domain Internet Indonesia","","",10,
"AS56248","INDAHKIATPP-AS-ID PT INDAH KIAT PULP  PAPER Tbk","","",41,
"AS56260","PASCAL-AS-ID PT Pascal Indonesia","","",1,
"AS56261","BTIP-AS-ID Balai Telekomunikasi dan Informatika Perdesaan","","",2,
"AS58390","FUS-AS-ID PT. Faasri Utama Sakti","","",2,
"AS58396","DETELNETWORKS-AS-ID PT. DEWATA TELEMATIKA","","",39,
"AS58397","INFINYS-AS-ID PT Infinys System Indonesia","","",20,
"AS58402","IDNIC-ID Indonesia Network Information Center","","",18,
"AS58463","PGASCOM-AS-AP PT.PGAS TELEKOMUNIKASI NUSANTARA","","",3,
"AS58476","DJP-AS-ID DIREKTORAT JENDERAL PAJAK","","",44,
"AS58480","CIMBNIAGA-AS-ID PT Bank CIMB Niaga Tbk","","",4,
"AS58485","WIFIAN-AS-ID Wifian Solution PT.","","",12,
"AS58503","PUSATMEDIA-AS-ID PT Pusat Media Indonesia","","",5,
"AS58731","TELINTLSA-AS Telekomunikasi Indonesia International (T.L.) S.A.","","",5,
"AS58820","IDNIC-PTAMI-AS-ID PT Apik Media Inovasi","","",2,
"AS58961","OPENIP-AS Perhimpunan Klik Indonesia","","",13,
"AS59132","IDNIC-BI-AS-ID Bank Indonesia","","",27,
"AS59134","IDNIC-DATACOMM-AS-ID PT. Datacomm Diangraha","","",1,
"AS59138","IDNIC-UNISBANK-AS-ID Universitas STIKUBANK","","",3,
"AS59142","IDNIC-BATAMKOTA-AS-ID Pemerintah Kota Batam","","",44,
"AS59157","IDNIC-STKS-AS-ID Sekolah Tinggi Kesejahteraan Sosial","","",12,
"AS59272","IDNIC-LST-AS-ID PT Lawang Sewu Teknologi","","",8,
"AS59279","IDNIC-RMI-AS-ID PT Raja Mitra Informatika","","",47,
"AS59288","IDNIC-NETSENTRA-AS-ID PT Net Sentra Cyberindo","","",1,
"AS63488","IDNIC-TOTALTEKNO-AS-ID PT Total Trimitra Teknologi","","",6,
"AS63494","INNOVATION-AS-ID PT Inovasi Jaringan Nusantara","","",11,
"AS63503","IDNIC-NADYNE-AS-ID PT. Nadyne Media Tama","","",43,
"AS63509","IDNIC-MMP-ID PT Matra Mandiri Prima","","",21,
"AS63513","IDNIC-GG-ID PT Gudang Garam Tbk","","",43,
"AS63516","TRANSIX-AS-NET Transhybrid Internet Xchange","","",40,
"AS63858","MCOIN-AS-ID PT Mobile Coin Asia","","",21,
"AS63860","IDNIC-VIPERNETWORK-AS-ID PT Vitya Persada Informatika","","",3,
"AS63862","IDNIC-ID Indonesia Network Information Center","","",43,
"AS63869","MERAHPUTIH-AS-ID PT MERAH PUTIH TELEMATIKA","","",33,
"AS64029","RWN-AS-ID PT. RAMA WIMA NUSANTARA","","",35,
"AS64078","STARFRAMEWORKCO FLATRM 101A 1F","","",10,
"AS64298","IDNIC-UPNSBY-AS-ID UPN Veteran Surabaya","","",5,
"AS64310","IDNIC-TIRTARAHARJA-AS-ID PDAM TIRTA RAHARJA","","",5,
"AS64314","IDNIC-INTEGRASI-AS-ID PT. INTEGRASI NETWORK PERKASA","","",1,
"AS64316","IDNIC-RADENFATAH-AS-ID Universitas Islam Negeri Raden Fatah Palembang","","",24,
"AS65505","-Private Use AS-","","",2,
"AS131694","IDNIC-JABIKHA-AS-ID PT Jabikha Teknologi Indonesia","","",12,
"AS131716","IDNIC-BDS-AS-ID PT. Bens Data Solusi","","",11,
"AS131730","IDNIC-SATKOMINDO-AS-ID PT. SATKOMINDO MEDIYASA","","",12,
"AS131732","COGINDO-AS-ID PT. COGINDO DAYABERSAMA","","",3,
"AS131737","IDNIC-JICT-AS-ID PT Jakarta International Container Terminal","","",6,
"AS131738","IDNIC-GOLDENIT-AS-ID Golden IT","","",22,
"AS131739","MENPAN-AS-ID Kementerian Pendayagunaan Aparatur Negara dan Reformasi Birokrasi","","",29,
"AS131748","IDNIC-BGP-AS-ID PT. Baswara Gema Persada","","",15,
"AS131754","IDNIC-UNMUL-AS-ID Universitas Mulawarman","","",1,
"AS131758","NINGNET-AS-ID PT. Bali Ning","","",7,
"AS131778","DINUSTECH-AS-ID PT Dian Nuswantoro Teknologi","","",41,
"AS131783","IDNIC-INDOMARET-AS-ID PT. Indomarco Prismatama","","",6,
"AS131784","IDNIC-SDPPI-SPEKTRUM-AS-ID Sumber Daya Dan Perangkat Pos Dan Informatika SIMS","","",9,
"AS132164","KASKUSNETWORKS-AS PT Darta Media Indonesia","","",4,
"AS132634","IDNIC-EGOV-AS-ID Direktorat E-Goverment Kementerian KOMINFO","","",5,
"AS132639","IDNIC-ILCS-AS-ID PT Integrasi Logistik Cipta Solusi","","",11,
"AS132644","IDNIC-CBNCLOUD-AS-ID PT. Cyberindo Mega Persada","","",1,
"AS132646","IDNIC-HANZA-AS-ID PT Hanza Telecom","","",1,
"AS132653","B-LINK-AS-ID PT Transdata Sejahtera","","",16,
"AS132661","IDNIC-BAWASLU-AS-ID Badan Pengawas Pemilu","","",48,
"AS132664","IDNIC-PTMCM-AS-ID PT. Merah Cipta Media","","",48,
"AS132670","IDNIC-DAGADU-AS-ID PT Aseli Dagadu Djokdja","","",9,
"AS132672","SAHABATNET-AS-ID PT. Sahabat Prima Karya","","",3,
"AS133337","IDNIC-MSS-AS-ID PT Menara Sinar Semesta","","",16,
"AS133339","CLOUDEXCHANGE-AS-ID DEWATA TELEMATIKA PT.","","",5,
"AS133348","IDNIC-CNOOC-AS-ID CNOOC SES LTD.","","",2,
"AS133735","MCKINSEY-AS-SG McKinsey  Company","","",5,
"AS133800","IDNIC-BIZNETCLOUDBLOCK-AS-ID PT Biznet Data Center","","",31,
"AS133802","IDNIC-UNPAS-AS-ID Universitas Pasundan Bandung","","",12,
"AS133804","IDNIC-FIC-AS-ID PT FANGBIAN ISKAN CORPORINDO","","",2,
"AS133805","IDNIC-POLMAN-AS-ID Politeknik Manufaktur Negeri Bandung","","",36,
"AS133812","IDNIC-LCMNETWORKS-ID LCM NETWORKS","","",18,
"AS133822","IDNIC-KAI-AS-ID PT Kereta Api Indonesia (Persero)","","",48,
"AS133824","IDNIC-UINMKS-AS-ID Universitas Islam Negeri Alauddin Makasar","","",34,
"AS133834","IDNIC-ICBC-AS-ID Bank ICBC Indonesia","","",5,
"AS133835","IDNIC-XOFAST-AS-ID CV Xtra Prosolusindo","","",10,
"AS133842","IDNIC-BNILIFE-AS-ID PT BNI Life Insurance","","",32,
"AS133847","ICT-AS-AP Anpple Tech Enterprise","","",8,
"AS134613","IDNIC-KUONI-AS-ID PT GTA Indonesia","","",7,
"AS134614","IDNIC-UNHAS-AS-ID Universitas Hasanuddin","","",22,
"AS134622","EKADATA-AS-ID Ekadata Internet Service Provider","","",3,
"AS134628","IDNIC-BIOS-AS-ID PT Bina Informasi Optima Solusindo","","",33,
"AS134634","IDNIC-SALATIGA-AS-ID Sekretariat Daerah Kota Salatiga","","",42,
"AS134641","IDNIC-MAGETANKAB-AS-ID PEMERINTAH KABUPATEN MAGETAN","","",5,
"AS134648","TIDAR-AS-ID PT Tidar Lintas Nusa","","",15,
"AS134652","IDNIC-PPM-AS-ID PPM Manajemen","","",4,
"AS134656","IDNIC-CJI-AS-ID PT Cheil Jedang Indonesia","","",15,
"AS134661","IDNIC-SIF-AS-ID SHINHAN INDO FINANCE","","",40,
"AS135035","ODT-AS-AP PT. Orion Data Teknologi","","",4,
"AS135440","IDNIC-PELINDO4-AS-ID PELABUHAN INDONESIA IV","","",2,
"AS135442","IDNIC-ASDPINDONESIAFERRY-AS-ID PT. ASDP INDONESIAFERRY (PERSERO)","","",26,
"AS135451","IDNIC-MASNETWORK-AS-ID PT Media Alvina Sejati","","",14,
"AS135454","IDNIC-AXATECH-AS-ID AXA Tech Indonesia","","",3,
"AS135459","GDSNETWORK-AS-ID PT.GLOBALRIAU DATA SOLUSI","","",4,
"AS135465","BITECH-AS-ID PT BINA TECHINDO SOLUTION","","",13,
"AS135469","IDNIC-PEMPROVGTLO-AS-ID Dinas Komunikasi, Informatika dan Statistik Provinsi Gorontalo","","",21,
"AS135474","FIZNET-AS-ID PT Hafiz Jaya Infotama","","",11,
"AS135477","JAVADIGITAL-AS-ID PT. Java Digital Nusantara","","",1,
"AS135479","IDNIC-XIRKA-AS-ID PT. XIRKA DAMA PERSADA","","",34,
"AS135487","IDNIC-YAYASANTARUMANAGARA-AS-ID UNTAR - YAYASAN TARUMANAGARA","","",17,
"AS136056","IDNIC-KALBENUTRITIONALS-AS-ID PT. Sanghiang Perkasa","","",1,
"AS136057","IDNIC-PLATINUMCYBER-AS-ID PT.PLATINUM CITRA INDONESIA","","",44,
"AS136059","IDNIC-UNDANA-AS-ID Universitas Nusa Cendana","","",1,
"AS136060","IDNIC-DISINFOLAHTAL-AS-ID Dinas Informasi dan Pengolahan Data TNI AL (DISINFOLAHTAL)","","",2,
"AS136073","IDNIC-LKPP-AS-ID Lembaga Kebijakan Pengadaan BarangJasa Pemerintah","","",1,
"AS136077","IDNIC-UNSRAT-AS-ID Universitas Islam Negeri Mataram","","",2,
"AS136078","FOXLINE-AS-ID PT. FOXLINE MEDIADATA INDONUSA","","",1,
"AS136079","IDNIC-AMIKOM-AS-ID STMIK Amikom Yogyakarta","","",7,
"AS136084","IDNIC-MAKMURSUPRANUSANTARA-AS-ID PT. MAKMUR SUPRA NUSANTARA","","",1
